alim_nom_fr;Energie (kcal/100 g);Protéines (g/100 g);Glucides (g/100 g);Lipides (g/100 g);Fibres (g/100 g)
Pastis;274;0;2.86;0;0
Eau de vie de fruits;233;0;0.63;0;0
Gin;265;0;0;0;0
Liqueur;225;0.1;25.4;0.23;0
Rhum;234;0;0;0;0
Whisky;252;0;0.1;0;0
Vin doux;148;0.2;9.96;0;0
Apéritif à base de vin ou vermouth;137;0.05;11.3;0;0
Vodka;250;0;0;0;0
Pastis, prêt à boire (1+ 5);2;0;0.5;0;0
Apéritif anisé sans alcool, à diluer;6;0;1;0;1
Cocktail à base de rhum;121;0;7.74;2.19;0.3
Cocktail à base de whisky;166;0;15.8;0.02;0
Alcool pur;660;0;0;0;0
Marsala;211;0.1;27.9;0;0
Marsala aux oeufs;153;0;12.4;0;0
Sangria, faite maison;88.7;0;11;0.05;0
Kir (vin blanc, crème de cassis);74.7;0.18;3.3;0;0
Kir royal (champagne, crème de cassis);87.3;0.25;5.66;0;0
Crème de cassis;245;0;41;0;0
Cocktail type punch, 16% alcool, préemballé;159;0.6;17.8;0;0
Eau de vie de vin type armagnac ou cognac;222;0;0.76;0;0
Saké ou alcool de riz;113;0;0;0;0
Spécialité végétale type fromage à tartiner, au soja, préemballée;174;11.7;1.05;13.1;0
Spécialité végétale type fromage, à la noix de cajou, préemballée;441;14.5;15.2;35.3;2.6
Spécialité végétale type fromage en tranche ou râpé, sans soja, préemballée;271;0.25;21.2;20.1;2.3
Fines tranches végétales, préemballées;242;29.7;4.13;11.1;3.2
Spécialité végétale type pâté, préemballée;197;3.56;9.45;15.4;2.96
Haché à base de boeuf et soja, préemballé;214;15;2.48;14.6;4.5
Nuggets ou croquette panée de poulet (contenant du soja), préemballé;220;13.4;16.7;10.3;2
Saucisse de volaille type knack (contenant du soja), préemballée;208;12.1;2.72;15.8;1.1
Jus d'ananas, à base de concentré;52.3;0.41;11.9;0.1;0.18
Jus multifruit, pur jus, multivitaminé;48.4;0.48;11.3;0.1;0.25
Jus de fruits (aliment moyen);46.8;0.53;10.2;0.13;0.28
Jus de carotte, pur jus;29.4;0.4;6.55;0.1;0.33
Jus de citron, fait maison;28.6;0.35;2.52;0.24;0.3
Cocktail ou boisson apéritive sans alcool à base de jus de fruits et de sirop;46;0.42;10.9;0;0.36
Nectar multifruit, base pomme, standard;41.1;0.28;10;0;0
Nectar multifruit, base pomme, multivitaminé;36.4;0.05;9.1;0;0
Jus multifruit, base orange, multivitaminé;45.5;0.25;11.3;0;0
Jus d'orange, à base de concentré;45.6;0.63;9.59;0.13;0.25
Jus d'orange, frais;44.8;0.7;9.19;0.2;0.2
Jus de pomme, à base de concentré;48.5;0.24;11.3;0.1;0.3
Jus de pamplemousse (pomélo), à base de concentré;40.9;0.52;8.41;0.1;0.21
Jus de raisin, pur jus;69.2;0.25;16.3;0.06;0.14
Jus de grenade, pur jus;54;0.15;12.7;0.29;0.1
Jus de pruneau;77.4;0.37;18.7;0.04;0.45
Jus de raisin, à base de concentré;67.1;0.31;16;0.11;0.15
Nectar de fraise;47.5;0.3;11.3;0.1;0.1
Jus de mangue, frais;38.8;0.19;9.5;0;0
Jus de fruit de la passion ou maracudja, frais;61.7;0.67;14.3;0.18;0.2
Jus de pamplemousse (pomélo), frais;43.7;0.5;9.1;0.1;0.1
Jus de tomate, pur jus, salé à 3 g/L;23.2;0.88;4.13;0.17;0.23
Jus de pamplemousse (pomelo), pur jus;42.5;0.49;8.89;0.08;0.15
Jus de citron, pur jus;29.4;0.4;6.1;0.29;0.4
Jus de citron vert, frais;9.87;0.42;1.69;0.07;0.4
Jus de citron vert, pur jus;25.7;0.25;1.69;0.23;0.45
Jus de tomate, pur jus, salé à 6 g/L;20.1;0.88;3.32;0.11;0.56
Jus multifruit, à base de jus et purée de fruits;49.1;0.46;11.5;0.11;0.21
Jus de clémentine ou mandarine, pur jus;46.7;0.66;10.4;0.14;0.15
Jus multifruit, pur jus, standard;46.5;0.25;11.2;0;0
Jus multifruit, base raisin, standard;54.6;0.5;13;0;0.3
Jus multifruit, base orange, standard;46.8;0.7;10.4;0.16;0.44
Jus de grenade, frais;47.2;0.2;11.6;0;0
Jus de cerise des Antilles ou d'acérola, frais;22.9;0.4;4.5;0.3;0.3
Nectar d'abricot;58.6;0.21;13.7;0.03;0.08
Nectar de papaye;58.9;0.17;13.9;0.15;0.6
Jus multifruit, base pomme, standard;49.9;0.33;12.2;0;0
Jus multifruit, base pomme, multivitaminé;41.9;0.33;10.1;0;0
Jus de fruit(s) et de légume(s), pur jus;42.8;0.85;9.5;0;0.7
Jus de tomate, pur jus (aliment moyen);21.7;0.88;3.73;0.14;0.4
Nectar de poire;62.5;0.19;14.8;0.04;0.45
Nectar multifruit, multivitaminé;47.2;0.24;11.3;0.1;0.15
Nectar multifruit, standard;49.7;0.3;11.5;0.09;0.3
Nectar multifruit, base orange, multivitaminé;42.6;0.4;10.3;0;0
Nectar multifruit, base orange, standard;50.2;0.25;11.9;0.1;0.33
Nectar, avec édulcorants, allégé en sucres;23.2;0.17;5.49;0.04;0.11
Jus multifruit, à base de concentré, standard;49.6;0.52;11.2;0.15;0.62
Jus d'orange, pur jus;45.4;0.61;9.61;0.11;0.28
Jus multifruit, à base de concentré, multivitaminé;45.5;0.29;10.8;0.09;0.27
Jus de fruits, pur jus (aliment moyen);46.6;0.51;10.2;0.11;0.26
Jus d'ananas, pur jus;52.9;0.41;12.1;0.07;0.22
Jus de pomme, pur jus;48.9;0.17;11.4;0.14;0.23
Jus de légumes, pur jus (aliment moyen);24.3;0.72;4.69;0.13;0.37
Nectar de pomme;44.9;0.14;10.9;0.07;0.1
Jus de fruits, à base de concentré (aliment moyen);47.6;0.55;10.4;0.13;0.36
Nectar de fruit de la passion ou maracuja;68;0.3;15.2;0.1;0
Nectar de banane;53.8;0.23;12.8;0.05;0.51
Nectar de goyave;48;0.14;10.9;0.23;0.15
Nectar de mangue;52.1;0.21;11.3;0.08;0.16
Nectar de pêche;50.3;0.22;12.1;0.05;0.33
Nectar d'ananas;52.4;0.1;13;0;0
Nectar d'orange;41.6;0.32;9.19;0.09;0.2
Jus d'orange sanguine, pur jus;45.6;0.63;10.2;0.1;0.68
Jus de canneberge ou cranberry;49.8;0;12.1;0.13;0.1
Smoothie, sans précision sur la teneur en fruits et les ingrédients autres que fruits;60.2;0.62;12.9;0.26;1.08
Lait 1er âge, poudre soluble (préparation pour nourrissons);496;10.9;55;25.3;2.48
Lait 2e âge, poudre soluble (préparation de suite);484;11.6;56.3;23.2;2.14
Tapioca ou perles du Japon, cru;354;0.19;87.8;0.02;0.9
Pomme de terre, sans peau, rôtie/cuite au four;91.9;1.96;20.1;0.1;1.5
Pomme de terre, bouillie/cuite à l'eau;81;1.8;16.8;0.34;1.8
Chips de pommes de terre nature ou aromatisées;532;6;51;32.7;4.7
Pomme de terre nouvelle ou primeur, bouillie/cuite à l'eau;71.6;1.44;15;0.3;1.6
Pomme de terre, sans peau, crue;80;2.02;16.2;0.09;2.2
Pomme de terre, appertisée, égouttée;57.2;1.58;10.7;0.41;2.15
Pomme de terre noisette, surgelée, à cuire;179;2.44;25.3;7.02;2.42
Pomme de terre vapeur, sous vide;76;1.84;15.8;0.25;2.02
Pomme de terre poêlée, avec matière grasse;137;2.5;17.3;5.7;2.6
Flocons de pomme de terre, au lait ou à la crème, déshydratés;376;10.1;71;3.97;8
Purée de pomme de terre, à base de flocons, reconstituée avec lait entier et matière grasse;107;1.92;12.6;5.18;1.47
Purée de pomme de terre, avec lait et beurre, sans sel ajouté;94.8;1.89;15.7;2.4;1.5
Purée de pomme de terre, à base de flocons, reconstituée avec lait demi-écrémé et eau, non salée;68.5;2.63;12.4;0.53;1.8
Pomme de terre dauphine, surgelée, à cuire;242;4.25;19.7;15.7;2.27
Pomme de terre dauphine, surgelée, cuite;302;4.5;30.2;17.7;2
Flocons de pomme de terre, nature, déshydratés;346;8;73.5;0.41;8.05
Pomme de terre nouvelle ou primeur, crue;76.4;1.94;15.8;0.3;1.35
Potatoes ou wedges ou quartiers de pommes de terre épicés, surgelées, cuites;175;3.25;25.3;5.8;3.4
Pomme de terre, rôtie/cuite au four;91.4;2.5;19;0.13;2.2
Pomme de terre sautée/poêlée/rissolée, préfrite, surgelée, cuite;156;2.81;23;4.8;4
Pomme de terre de conservation, sans peau, bouillie/cuite à l'eau;72.6;1.81;15.4;0;1.9
Pomme de terre nouvelle ou primeur, bouillie/cuite à l'eau, sans peau;71.1;1.84;14.9;0;2.13
Frites de pommes de terre, surgelées, rôties/cuites au four;213;3.75;32.6;6.6;4.2
Frites de pommes de terre, surgelées, cuites en friteuse;258;3.28;32.7;11.9;3.9
Pomme de terre duchesse, surgelée, cuite;218;3.44;29.6;8.5;4.8
Pomme de terre noisette, surgelée, cuite;191;2.81;28.4;6.6;3.4
Pomme de terre sautée/poêlée/rissolée à la graisse de canard;200;2.44;20.8;11.4;2.33
Chips de pommes de terre nature ou aromatisées, à l'ancienne;551;5.62;46.7;36.9;4.7
Chips de pommes de terre nature ou aromatisées, allégées en matière grasse (et assimilés );481;6.57;61.4;22.1;4.78
Rostis ou galette de pomme de terre;182;2.38;22.5;8.3;3.3
Purée de pomme de terre, avec lait et beurre, salée;117;1.98;11.3;6.7;1.79
Aligot (purée de pomme de terre à la tomme fraîche), préemballé;195;8.06;9.5;13.3;1.3
Pomme de terre duchesse, surgelée, à cuire;157;2.41;21.4;6.26;2.54
Pomme de terre sautée/poêlée/rissolée, préfrite, surgelée, à cuire;137;2.35;20.4;4.5;2.54
Frites de pommes de terre, surgelées, préfrites, pour cuisson au four;142;2.38;21;4.73;2.77
Frites de pommes de terre, surgelées, préfrites, pour cuisson micro-onde;223;3.26;27.2;10.2;4.39
Frites de pommes de terre, surgelées, préfrites, pour cuisson en friteuse;244;3.12;29.1;12.1;3.39
Purée de pomme de terre (aliment moyen);96.8;2.1;13;3.7;1.64
Pomme de terre, cuite (aliment moyen);94.9;2.05;17.2;1.58;2.15
Croquette de pomme de terre, surgelée, à cuire;164;2.52;22.4;6.59;2.43
Chips de pommes de terre nature ou aromatisées, sans sel ajouté;503;6.2;47.6;30.8;5.05
Poêlée de pommes de terre à la sarladaise (graisse de canard, ail et persil), surgelée, à cuire;203;2.27;20.9;11.6;2.84
Potatoes ou wedges ou quartiers de pommes de terre épicés, surgelées, à cuire;141;2.48;20.3;5;2.64
Pomme de terre grenaille, préfrite, surgelée, à cuire;133;2.4;17.9;5.3;2.16
Fécule de pomme de terre;348;0;86.3;0.2;0.55
Patate douce, crue;81.2;1.57;17.1;0.05;3
Patate douce, cuite;79.1;1.69;16.3;0.15;2.9
Patate douce, purée, cuisinée à la crème;79.8;1.1;12.1;2;4.5
Bière brune;40.5;0.43;4.1;0;0
Bière "coeur de marché" (4-5° alcool);39;0.39;3.12;0;0
Bière forte (>8° alcool);62.5;0.51;4.6;0;0
Cidre (aliment moyen);36.5;0.07;3.67;0;0
Panaché (limonade et bière);39;0;6.33;0;0
Panaché préemballé (<1° alc.), aromatisé ou non;32;0;7.11;0.02;0.21
Cidre brut;35.9;0;2.62;0;0
Cidre doux;38.9;0.25;6.4;0;0
Bière faiblement alcoolisée (3° alcool);35.3;0.31;4.62;0;0
Bière blanche;60.9;0.5;7.55;0;0
Bière "spéciale" (5-6° alcool);56;0.48;4.55;0;0
Bière "de spécialités" ou d'abbaye, régionales ou d'une brasserie (degré d'alcool variable);47.1;0.51;3.2;0;0
Cidre traditionnel;32.5;0;1.87;0;0
Cidre bouché demi-sec;44.3;0.25;4.4;0;0
Cidre aromatisé aux fruits;38.4;0.25;7.07;0;0
Bière sans alcool, sucrée, aromatisée ou au jus de fruits;30.6;0.2;7.36;0.04;0.19
Bière sans alcool (<1,2° alcool) et sans sucres ajoutés, aromatisée ou non;29.4;0.2;6.08;0.05;0
Pétillant de fruits;65.7;0;6.95;0;0
Vin blanc mousseux;72.3;0.1;1.78;0;0
Champagne;76.1;0.3;1.4;0;0
Vin blanc mousseux aromatisé;83.5;0.2;5.1;0;0
Vin (aliment moyen);76.7;0.16;0.96;0;0
Vin rouge;75.7;0.16;0;0;0
Vin blanc sec;55.3;0.25;0.17;0;0
Vin rosé;69.2;0.15;1.4;0;0
Vin cuisiné (alcool évaporé);15;0.1;3.66;0;0
Alcool fort (type rhum), cuisiné (alcool évaporé);0;0;0;0;0
Boeuf, côte crue;251;18.7;0;19.6;0
Boeuf, épaule crue;130;21.4;0;4.97;0
Boeuf, basse-côte crue;201;19;1.45;13.2;0
Boeuf, entrecôte, partie maigre grillée/poêlée;198;25.5;0;10.7;0
Boeuf braisé;240;32.1;0;12.4;0
Boeuf, gîte à la noix cru;187;20.7;0;11.5;0
Boeuf, entrecôte crue;231;19.4;0;17.1;0
Boeuf, gîte à la noix cuit;102;21;0.2;1.9;0
Boeuf, faux-filet rôti/cuit au four;194;28.8;0;8.71;0
Boeuf, rond de gîte cru;111;22.9;0.38;2.02;0
Boeuf, faux-filet grillé/poêlé;182;27.1;0;8.17;0
Boeuf, faux-filet cru;152;22.3;0.6;6.74;0
Boeuf, filet cru;132;21.6;0.22;4.95;0
Boeuf, plat de côtes cru;287;18.4;0;23.7;0
Boeuf, plat de côtes braisé ou bouilli/cuit à l'eau;269;37.3;0;13.3;0
Boeuf, hampe crue;154;19;0;8.63;0
Boeuf, hampe grillée/poêlée;174;21.6;0;9.76;0
Boeuf, joue crue;136;22.3;0.4;5.02;0
Boeuf, joue, braisée ou bouillie/cuite à l'eau;236;39.2;0;8.82;0
Boeuf, jarret cru;38.25;0;0;4.25;0
Boeuf, jarret bouilli/cuit à l'eau;161;31;0;4.1;0
Boeuf, tende de tranche crue;116;23.1;0.57;2.34;0
Boeuf, tende de tranche grillée/poêlée;141;28.7;0;2.92;0
Boeuf, tende de tranche rôtie/cuite au four;146;29.8;0;3.03;0
Boeuf, steak ou bifteck grillé/poêlé;128;27.6;0;1.95;0
Boeuf, steak ou bifteck cru;229;18.7;0.06;17.2;0
Boeuf, boule de macreuse crue;118;21.8;0;3.36;0
Boeuf, onglet cru;138;19.9;0.62;6.18;0
Boeuf, onglet grillé/poêlé;171;23;0;8.8;0
Boeuf, rumsteck cru;118;23.5;0.4;2.5;0
Boeuf, rumsteck grillé/poêlé;138;29;0;2.1;0
Boeuf, boule de macreuse grillée/poêlée;144;26.7;0;4.11;0
Boeuf, rosbif rôti/cuit au four;126;24.1;0.3;3.16;0
Boeuf, bavette d'aloyau grillée/poêlée;162;25;0;6.94;0
Boeuf, bavette d'aloyau crue;133;20.4;0;5.67;0
Boeuf, boule de macreuse rôtie/cuite au four;147;27.3;0;4.2;0
Boeuf, à bourguignon ou pot-au-feu, cuit;172;34;0;4.05;0
Boeuf, à bourguignon ou pot-au-feu, cru;164;24;0;7.5;0
Boeuf, collier cru;198;20.1;0.78;12.7;0
Boeuf, collier braisé;184;33;0;5.8;0
Boeuf, steak haché 5% MG cru;130;21.9;0.3;4.59;0
Boeuf, steak haché 5% MG cuit;155;25.5;0;5.85;0
Boeuf, steak haché 10% MG cru;170;20;0;10;0
Boeuf, steak haché 10% MG cuit;210;26.1;0;11.8;0
Boeuf, steak haché 15% MG cru;215;20.2;0.47;14.8;0
Boeuf, steak haché 15% MG cuit;239;23.6;0;16.1;0
Boeuf, steak haché 20% MG cru;249;17.2;0;20;0
Boeuf, steak haché 20% MG cuit;265;23;0;19.2;0
Boeuf, steak haché, cuit (aliment moyen);229;23.8;0;14.9;0
Boeuf, paleron cru;144;21.2;0;6.54;0
Boeuf, paleron, braisé ou bouilli/cuit à l'eau;251;36.8;0.2;11.4;0
Boeuf, queue bouillie/cuite à l'eau;196;28;0;9.3;0
Boeuf, queue crue;203;21.5;0.23;12.9;0
Veau, côte crue;189;18.3;0;12.9;0
Veau, côte grillée/poêlée;156;25.1;0;6.24;0
Veau, carré grillé/poêlé;171;28;0;6.6;0
Veau, carré cru;128;19.3;0.4;5.44;0
Veau, escalope cuite;147;31;0;2.5;0
Veau, escalope crue;114;20.5;0.58;3.28;0
Veau, noix,crue;111;21.8;0;2.58;0
Veau, noix grillée/poêlée;147;29.1;0;3.44;0
Veau, noix rôtie/cuite au four;147;29.1;0;3.44;0
Veau, filet cru;95;20.6;0;1.4;0
Veau, filet rôti/cuit au four;212;24.8;0.5;12.3;0
Veau, steak haché 20% MG cru;243;16.7;0.4;19.5;0
Veau, steak haché 15% MG cru;208;18.2;0;15;0
Veau, poitrine crue;203;17.5;0;14.8;0
Veau, rôti cru;145;27.3;0;3.96;0
Veau, rôti cuit;143;28.1;0;3.39;0
Veau, épaule crue;124;20.7;0;4.63;0
Veau, épaule grillée/poêlée;166;27.6;0;6.17;0
Veau, épaule braisée ou bouillie;219;36.4;0;8.14;0
Veau, viande, cuite (aliment moyen);164;29.1;0.01;5.25;0
Veau, pied cru;184;19.1;0;12;0
Veau, jarret braisé ou bouilli;207;37.4;0;6.43;0
Veau, tête, bouillie/cuite à l'eau;187;21;0;11.4;0
Veau, jarret cru;118;21.3;0;3.66;0
Viande blanche, cuite (aliment moyen);177;28;0.1;7.12;0
Viande rouge, cuite (aliment moyen);170;26.3;0.03;7.22;0
Veau, collier cru;133;19.8;0;5.92;0
Veau, collier braisé ou bouilli;233;34.9;0;10.4;0
Cheval, viande crue;132;20.2;0.5;5.5;0
Cheval, steak ou bifteck cru;129;21.4;0.4;4.6;0
Cheval, viande rôtie/cuite au four;138;28;0;2.85;0
Cheval, tende de tranche crue;106;22.7;0;1.68;0
Cheval, faux-filet cru;121;22.2;0;3.58;0
Cheval, entrecôte crue;118;22.1;0;3.34;0
Cheval, tende de tranche grillée/poêlée;135;27.9;0;2.58;0
Cheval, faux-filet grillé/poêlé;163;26.6;0;6.27;0
Cheval, entrecôte grillée/poêlée;169;28.2;0;6.24;0
Cheval, faux-filet rôti/cuit au four;173;28.3;0;6.68;0
Cheval, tende de tranche rôtie/cuite au four;144;29.7;0;2.75;0
Viande cuite (aliment moyen);174;27.2;0.14;7.18;0.01
Pain (aliment moyen);276;8.18;55;1.36;3.86
Pain blanc (par ex. : baguette, boule…);287;8.27;58.3;1.4;2.7
Pain au levain;261;7.41;53.1;1.3;2.1
Pain blanc, passé au grille-pain;317;9.46;64;1.3;3.7
Pain de tradition française (par ex. : baguette, boule…);279;8.15;56.7;1;3.8
Pain blanc précuit, à finir de cuire, préemballé;265;7.13;53.9;1.2;3.5
Pain bis (à la farine T80 ou T110);265;8.6;54;0.33;4.2
Pain sans gluten précuit, à finir de cuire, préemballé;234;2.88;39.8;5.29;7.22
Pain aux céréales et/ou aux graines, préemballé;282;8.27;39.7;7.6;5.8
Pain de campagne, préemballé;257;6.68;48.7;2.81;3.75
Pain de campagne;253;7.52;50;1.3;4.3
Pain complet au seigle, préemballé;213;5.7;39.5;0.9;8.2
Pain aux graines sans gluten, préemballé;266;4.74;38.8;8.55;6.76
Pain de mie complet, sans croûte, préemballé;245;7.07;42.8;3.2;6.6
Pain complet ou intégral (à la farine T150);234;8.66;41.2;1.7;7.3
Pain de mie complet, préemballé;257;7.3;41.8;4.1;7.3
Pain de mie aux céréales et/ou graines, préemballé;290;8.84;43.5;6.6;5.9
Pain azyme, préemballé;372;10.7;74.9;1.67;5.41
Pain au son;244;8.3;44.4;1.94;6.21
Pain de mie blanc sans gluten, préemballé;242;3.36;41.2;5.1;7.4
Pain de mie blanc, sans sucres ajoutés, préemballé;290;7.01;48.1;5.9;4
Pain de seigle et froment;260;8.27;51.5;1;4.5
Pain sans gluten, préemballé;249;4.58;37.1;6.6;9.9
Pain blanc, sans sel ajouté;282;8.7;57;1.17;2.68
Pain panini;254;7.48;50.6;1.1;4.2
Pain pita;249;7.48;48.8;1.5;3.7
Pain de mie blanc, préemballé;279;7.06;50.4;4.37;2.83
Pain de mie blanc, sans croûte, préemballé;266;6.93;50.2;3.23;2.89
Pain de mie brioché, préemballé;312;7.78;51.4;7.26;3.03
Pain brioché ou viennois, artisanal;338;8.89;48.6;11.2;1.9
Pain aux céréales et/ou graines;269;9.58;46.9;3.2;5.2
Muffin anglais complet, petit pain spécial, préemballé;205;10.9;31;1.7;8.1
Muffin anglais, petit pain spécial, préemballé;228;9.06;42.5;1.1;3.8
Pain bagel;301;9.83;53;4.58;2.7
Pain pour burger ou hot dog (bun), préemballé;283;8.21;47.2;4.9;3.5
Pain blanc, fait maison (avec farine pour machine à pain);256;7.81;52.1;0.9;2.6
Pain de campagne, fait maison (avec farine pour machine à pain);240;7.98;46.7;0.9;5.1
Pain pour burger ou hot dog (bun) complet, préemballé;296;8.56;48.2;6.16;5.18
Bretzel, pain frais;330;9.18;54.6;7.1;3.8
Biscotte classique;394;10;73.2;5.43;4.32
Biscotte briochée;440;8.61;72.1;11.3;5.7
Biscotte au germe de blé;386;10.1;69.9;5.4;6.6
Biscotte, sans sel ajouté;402;10.6;74.7;5.1;5.6
Biscotte aux céréales;404;11.5;68.1;7.3;7.6
Biscotte au blé complet;389;11.3;66;5.9;11
Cracker de table aux graines;445;14.3;49.9;17.7;11.6
Cracker de table au fromage et aux graines;455;17.9;47.3;18.5;10.4
Cracker de table au blé complet;436;12.6;55.6;15.4;10.1
Cracker de table au froment;442;10.4;68.6;12.3;4.1
Galette de riz complet soufflé;381;8.39;77.9;3;3.4
Galette de céréales soufflées;388;10.1;77.9;2.9;3.7
Galette de maïs soufflé;387;7.02;83.5;1.9;3
Galette de riz soufflé, nappée de chocolat;494;7.32;60.7;23.2;5.1
Galette de maïs soufflé, nappée de chocolat;481;7.3;63.2;20.8;5.05
Galette de céréale(s) soufflée(s), aux graines;382;8.53;77.7;3.88;4.63
Tartine croustillante au seigle, source ou riche en fibres;342;9.29;57.4;3;21.9
Toast ou pain grillé brioché aux raisins secs, tranches, préemballé;405;10.7;74.3;5.9;4.03
Pain grillé au froment, tranches, préemballé;399;9.75;71.8;6.2;6.4
Pain grillé au blé complet, tranches, préemballé;390;10.3;69.4;5.6;8
Pain grillé brioché, tranches, préemballé;427;10.2;67.6;11.3;4.9
Petit pain grillé suédois au froment;411;8.66;71.6;8.4;5.2
Petit pain grillé suédois aux céréales et graines;404;10.4;68.6;8.14;5.14
Tartine craquante extrudée, classique;385;9.01;75.8;3.6;4.8
Tartine craquante, extrudée et grillée, fourrée au chocolat;445;7.88;65.4;15.6;5.3
Tartine craquante, extrudée et grillée, fourrée aux fruits;372;4.22;74.9;5.1;2.6
Tartine craquante extrudées, source ou riche en fibres;376;9.86;71.3;3.5;7.2
Petit pain grillé suédois au blé complet, sans sucres ajoutés;391;10.8;65;7.2;9.4
Petit pain grillé suédois au blé complet;402;9.69;65.8;8.6;9.3
Petit pain grillé suédois aux fruits;386;8.85;73.8;4.9;3.8
Petit pain grillé suédois brioché;421;9.43;69.4;10.6;3.31
Pain grillé aux céréales, tranches, préemballé;417;12.8;70;7.33;7.5
Croûton, à tartiner, préemballé;374;12.3;70;2.85;7
Croûton nature, préemballé;459;9.21;62.4;17.9;3.72
Chapelure;365;9.41;74.3;1.6;5.4
Gressin, nature (sans sésame);428;11.4;68.8;10.5;4.25
Viennoiserie (aliment moyen);385;7.63;49;17;2.43
Croissant, sans précision (aliment moyen);417;6.56;46.2;22.1;2.41
Croissant ordinaire, artisanal;412;6.33;47.6;21.1;1.8
Croissant ordinaire, préemballé;398;6.95;46.7;19.1;4.1
Croissant pur beurre, sans précision (aliment moyen);420;6.61;45.7;22.6;2.5
Croissant pur beurre, artisanal;420;6.61;45.7;22.6;2.5
Croissant pur beurre, préemballé;388;6.27;45.7;18.9;3.7
Croissant aux amandes, artisanal;449;7.62;36.5;29.1;3.7
Pain au lait, artisanal;376;8.55;49;15.4;1.5
Pain au lait, préemballé;357;8.69;50.5;12.3;3.5
Pain au lait aux pépites de chocolat, préemballé;375;8.25;49.6;14.7;3.8
Panettone (brioche italienne aux raisins secs et écorces d'orange confite), préemballée;352;6.88;50.6;12.7;3.4
Pain aux raisins (viennoiserie), artisanal;345;5.81;53.4;11.5;1.4
Pain au chocolat, artisanal;423;7.47;45.4;22.5;3
Pain au chocolat, préemballé;421;6.28;48.6;21.4;2.72
Brioche (ou briochettes) aux pépites de chocolat ou fourrée au chocolat, préemballée;352;8.17;51.1;12.1;2.98
Brioche fourrée aux fruits, préemballée;326;5.81;52.4;9;5.5
Brioche fourrée crème pâtissière (type "chinois"), préemballée;267;5.81;45.7;6;3.4
Brioche nature, préemballée;356;7.99;52.7;12.1;2.09
Brioche nature, artisanale;420;11.3;50.7;19.1;0
Couronne des rois (brioche) aux fruits confits, préemballée;353;7.2;52.8;12.3;1.35
Brioche pur beurre (ex : gâche vendéenne) nature, préemballée;361;8.21;51.1;13.3;2.03
Brioche, sans précision (aliment moyen);363;8.41;52.1;13;1.94
Focaccia, garnie;233;8;29.5;8.75;2.25
Fougasse, garnie;320;9.53;42.1;11.8;3.2
Tortilla souple (à garnir), à base de maïs;316;6.08;58;5.57;3.57
Cake salé (garniture : fromage, légumes, viande, poisson, volaille, etc.), préemballé;321;11.6;25.6;18.4;2.3
Tortilla souple (à garnir), à base de blé;320;8.01;53;7.48;2.89
Rillettes traditionnelles de porc;391;13;3.73;36;0
Rillettes pur porc;413;16.7;0.13;38.3;0.21
Rillettes supérieures de porc;402;15.5;0.17;37.7;0.05
Rillettes de Tours (porc);522;18;0.1;50;0
Rillettes du Mans (porc);420;15.6;4.79;37.6;0.21
Rillettes pur oie;417;14.7;0.1;39.8;0
Rillettes de canard;377;15.3;1.03;34.6;0
Rillettes d'oie;364;14.9;0.99;33.4;0
Rillettes de poulet;340;16.4;0.49;30.3;0.25
Rillettes de crabe, préemballées;210;9.16;4.61;16.6;2.61
Rillettes de poisson, préemballées;242;13.9;0;20.7;0
Rillettes de saumon, préemballées;242;12.9;2.77;19.6;1.2
Rillettes de thon, préemballées;235;13.6;1.88;18.8;1.69
Rillettes de maquereau, préemballées;246;11;1;22;0
Confit de canard, viande (cuisse), sans peau, appertisé, réchauffé;195;32;0;7.4;0
Confit de canard, appertisé;273;25.7;0.15;18.8;0.4
Canard, magret fumé;362;18;0.5;32;0
Confit de foie de porc;320;15.4;1.3;28.1;0.5
Confit de foie de volaille;361;13.7;6.22;31;1
Pâté au poivre vert;358;10.1;1.45;34.6;0
Pâté au jambon;302;14.7;1.04;26.5;0.39
Pâté ou terrine de campagne;323;15.5;1.5;28.2;0
Pâté ou terrine de campagne, à teneur réduite en sel;324;13.8;4.2;27.9;0.25
Pâté breton;363;11;2.88;34;0.5
Terrine de canard;322;13.2;5.64;27.1;0.54
Pâté de lapin;286;14.7;1.73;24.5;0.15
Terrine de lapin;266;19;6.44;18;1
Pâté de gibier;293;14.2;3.28;24.7;0.5
Pâté ou terrine aux champignons (forestier);328;12.6;5.93;28.1;0.58
Tarama, au saumon fumé, préemballé;501;7.7;4.74;50;0.38
Terrine de poisson, préemballée;205;9.01;4.21;16.7;1.36
Terrine de fruits de mer (par ex. de Saint-Jacques), avec ou sans poisson, préemballée;190;9.13;7.89;13.3;1.2
Tarama, aux oeufs de cabillaud, préemballé;518;6.11;4.01;53;0.48
Terrine ou mousse de légumes, premballée;140;6.67;5.5;9.56;2.55
Flan de légumes aux oeufs;210;5.38;4.13;18.6;2.3
Pâté de foie de porc, supérieur;358;13;6.5;31;0.3
Pâté de foie de porc;355;10.8;2.91;33.3;0.2
Mousse de foie de porc supérieure ou crème de foie;324;11.1;10.9;26.1;0.72
Mousse de foie de porc;286;12;3.39;24.9;0.75
Mousse de canard;394;10.1;7.07;36.1;0.45
Pâté de foie de volaille;316;13.7;1.21;28.3;0.84
Foie gras, canard, entier, cuit;526;8.41;0.03;54.6;0.35
Foie gras, canard, bloc, sans morceaux;478;5.75;1.09;50;0.35
Foie gras, canard, bloc, 30% de morceaux;488;6.88;2.19;50.1;0
Foie gras, canard, bloc, 50% de morceaux;488;6.39;4.28;49.5;0
Pâté de foie d'oie;459;11.4;4.67;43.8;0
Foie gras, canard, cru;600;5.94;1.41;63.4;0
Foie gras, canard, bloc (aliment moyen);488;6.88;2.19;50.1;0
Pâté (aliment moyen);325;14.6;1.91;28.7;0.12
Galantine;109;22;1.28;1.73;0.44
Roulade de porc pistachée;287;15.3;3;23.5;1.2
Oeuf au jambon en gelée;88.3;11.5;0;4.7;0
Pâté en croûte;303;9.96;21.7;19.3;1.5
Jambon en croûte;236;14.4;17.8;11.8;0.77
Fromage de tête;184;13.8;3.15;12.9;0
Salade de museau de porc, avec sauce, préemballée;172;8.51;0.89;14.8;0.75
Salade de cervelas, avec sauce, préemballée;259;7.6;1.93;24.2;1.28
Jambon persillé en gelée;151;19;0.48;7.9;0
Museau de boeuf;151;26.2;0;5.17;0
Andouille;211;18.4;0.3;15.1;0
Andouille de Guéméné;234;18;0;18;0
Andouille, réchauffée à la poêle;270;22.5;0;20;0
Andouille de Vire;238;19;0;18;0
Andouillette, à cuire;225;18.8;0.5;16.3;0.71
Andouillette, grillée/poêlée;301;24.5;0.54;22.3;0
Andouillette de Troyes, à cuire;256;19.7;1;19;0.9
Tripes à la mode de Caen (estomac et pied de boeuf, carottes…), préemballées;120;20.4;0.5;3.68;1.5
Tripes à la tomate ou à la provençale, préemballées;100;17.5;0.55;3.13;0
Boudin noir, à cuire;297;12.2;0.29;27.1;1.42
Boudin noir, grillé/poêlé;246;11.9;3.78;20.3;0
Boudin, grillé/poêlé (aliment moyen);238;11.3;4.59;19.4;0
Boudin antillais, à cuire;231;11.5;9.2;16.5;0
Boudin blanc, grillé/poêlé;220;9.89;6.6;17.1;0
Boudin blanc, à cuire;244;10;3.64;21;0
Boudin blanc truffé, à cuire;247;10.6;9.01;18.4;1.4
Quenelle de veau en sauce, appertisée;169;3.52;14.8;10.3;1.39
Quenelle de volaille, à cuire;189;9.37;14.7;10.1;1.1
Quenelle de volaille en sauce, appertisée;138;3.55;10.3;8.92;1.2
Quenelle de poisson en sauce, appertisée;135;3.79;10.5;8.51;0.72
Quenelle de poisson, à cuire;245;8.1;23.6;12.7;2.15
Quenelle nature, à cuire;226;6.88;14.7;15.1;1.1
Épeautre, cru;344;14.6;59.5;2.43;10.7
Blé de Khorasan, cru;342;14.5;59.5;2.13;11.1
Blé dur complet, cru;342;13.7;59.3;2.47;11.8
Blé dur complet, précuit, à cuire;359;13.7;67.7;1.83;6.67
Blé dur (grains entiers), précuit, cuit, sans sel ajouté;153;5.36;28.2;1.1;3.5
Blé dur précuit, cuisiné, en sachet micro-ondable;188;4.86;29.6;4.84;2.58
Nouilles asiatiques cuisinées (boeuf, poulet, légumes…) non instantanées;140;4.78;18.8;4.3;2.8
Riz blanc, cru;350;7.02;77.5;0.79;1.53
Riz blanc étuvé, cru;361;7.33;79.4;1.02;1.65
Riz complet, cru;350;7.02;71.4;2.8;5
Riz complet, cuit, sans sel ajouté;187;3.87;37.6;1.8;2.1
Riz blanc, cuit, sans sel ajouté;155;3.15;33.2;0.7;1.4
Riz blanc étuvé, cuit, sans sel ajouté;146;2.95;31.7;0.56;1.1
Riz blanc, précuit, cuit, sans sel ajouté;126.1;0;28.1;1.3;1
Riz sauvage, cru;344;11.1;69.2;0.94;5.9
Riz rouge, cru;352;7.97;70.6;3;4.5
Riz rouge, cuit, sans sel ajouté;141;3.45;28.2;0.69;4
Riz sauvage, cuit, sans sel ajouté;102;3.8;19.7;0.34;1.8
Riz semi-complet, cuit, sans sel ajouté;165;3.63;34.4;1;1.7
Riz thaï ou basmati, cru;351;7.08;78.4;0.63;1.06
Riz, mélange de variétés (blanc, complet, rouge, sauvage, etc.), cru;355;7.14;78.1;1;1.5
Riz thaï, cuit, sans sel ajouté;143;2.38;31.4;0.8;0
Riz basmati, cuit, sans sel ajouté;148;3.03;32.9;0.4;0
Pop-corn ou maïs éclaté, à l'huile, salé;477;8.3;50.2;24.6;10.6
Pop-corn ou maïs éclaté, sans huile, non salé;419;11;59.7;12.3;12.8
Pop-corn ou maïs éclaté, au caramel;421;6.53;73.2;9.83;6.8
Avoine, crue;378;16.9;55.7;6.9;10.6
Flocons d'avoine bouillis/cuits à l'eau;69.1;2.54;10.3;1.52;1.7
Orge complète, crue;334;12.5;56.2;2.3;17.3
Orge perlée, crue;346;9.91;68.6;1.16;9.1
Orge perlée, bouilli/cuite à l'eau, sans sel ajouté;119;2.26;24.4;0.44;3.8
Mil complet, cru;360;11;64.3;4.22;8.5
Mil, cuit, sans sel ajouté;116;3.51;22.4;1;1.3
Quinoa, cru;358;13.2;58.1;6.07;7
Quinoa, bouilli/cuit à l'eau, sans sel ajouté;149;4.66;27.9;1.1;3.8
Amarante, crue;369;13.5;58.6;7.02;6.7
Sorgho complet, cru;349;10.6;65.4;3.46;6.7
Sarrasin complet, cru;362;13.3;67.5;3.4;4
Seigle complet, cru;332;10.3;60.8;1.63;15.1
Farine de blé tendre ou froment T110;343;9.61;68.6;1.5;6.8
Farine de blé tendre ou froment T150;342;11.4;64.9;1.52;10.2
Farine de blé tendre ou froment T65;346;10;71.5;1;3.5
Farine de blé tendre ou froment T55 (pour pains);350;9.03;73.7;1;3.2
Farine de blé tendre ou froment avec levure incorporée;350;9.12;74;1;2.5
Farine de blé tendre ou froment T45 (pour pâtisserie);355;8.44;76.5;0.82;2.5
Farine de blé tendre ou froment T80;355;9.95;73.2;1.18;4.2
Farine d'épeautre (grand épeautre);352;11.4;64;3;9.3
Amidon de maïs ou fécule de maïs;365;0.26;90.4;0.05;0.9
Farine de riz;357;7.62;73.9;2.5;3.3
Farine de seigle T170;315;15.9;44.8;2.22;23.8
Farine de seigle T85;345;9.82;68.7;1.33;8
Farine de seigle T130;344;7.24;70.9;1.12;9.5
Farine de sarrasin;348;11.5;68.4;2.19;4.2
Farine de maïs;362;5.59;80.9;1.39;1.9
Farine d'orge;337;10.5;64.4;1.6;10.1
Farine de millet;350;10.2;63.2;4.1;9.7
Farine de châtaigne;362;5.69;70.4;3.43;12.6
Farine de pois chiche;359;22.4;47;6.69;10.8
Semoule de blé dur, crue;350;11.8;69.8;1.28;3.7
Mélange de céréales et légumes secs, cru;354;13.7;59;4;11
Polenta ou semoule de maïs, précuite, à cuire;350;7.88;74;1.8;3.2
Polenta ou semoule de maïs, cuite, sans sel ajouté;76.1;1.38;16.9;0;1.6
Son de blé;270;14.8;22.7;3.88;42.9
Son d'avoine;361;16.8;50.6;6.52;16.7
Son de maïs;226;8.36;6.65;0.92;79
Son de riz;398;14;28;20.9;21
Germe de blé;375;27.2;35.1;9.5;16.3
Graine de couscous (semoule de blé dur précuite), à cuire;366;12.3;72.7;1.32;4.5
Semoule ou graine de couscous, cuite, sans sel ajouté;164;5.81;31;0.9;2.8
Semoule ou graine de couscous complète, cuite, sans sel ajouté;142;4.28;26.8;1;3.7
Semoule ou graine de couscous semi-complète, cuite, sans sel ajouté;170;5.59;32.4;1;3.2
Boulgour de blé, cru;347;11.7;65.8;1.42;10.5
Boulgour de blé, cuit, sans sel ajouté;131;4.31;24.1;1;3.7
Pâtes sèches, standard, crues;364;12;72.7;1.6;2.91
Pâtes sèches, standard, cuites, sans sel ajouté;167;6.1;31.4;1.1;2.2
Pâtes fraîches, aux oeufs, crues;283;10.1;53.8;1.87;3.17
Pâtes fraîches, aux oeufs, cuites, sans sel ajouté;168;5.76;32;1.3;1.5
Pâtes sèches, aux oeufs, crues;381;14;68;4.72;3.15
Pâtes sèches, aux oeufs, cuites, sans sel ajouté;134;4.57;23;2;2
Pâtes sèches, sans gluten, cuites, sans sel ajouté;163;3.09;34.4;1.1;1
Pâtes ou nouilles asiatiques sèches, au blé et aux oeufs, nature, crues;371;11.9;71;3;4
Pâtes sèches, au blé complet, crues;353;11.8;67.6;2.2;6.1
Pâtes sèches, au blé complet, cuites, sans sel ajouté;179;7.35;31.3;1.4;5.1
Pâtes sèches, sans gluten, crues;358;6.06;79;1.5;1
Pâtes sèches, sans gluten (à base de riz et maïs), cuites, sans sel ajouté;170;3.15;36.6;0.8;1.3
Pâtes sèches, sans gluten (à base de lentilles corail), cuites, sans sel ajouté;168;11.7;25.1;0.8;4.9
Pâtes sèches, semi-complètes, cuites, sans sel ajouté;173;5.71;31.8;1.2;4.5
Vermicelles de riz sèches, crues;365;7.44;80.5;1;1.2
Vermicelle de riz, cuite, sans sel ajouté;86.6;1.43;20.1;0;0
Vermicelles de soja sèches, crues;343;0.29;84.7;0.14;1.6
Vermicelle de soja, cuite, sans sel ajouté;60;0.29;14.4;0.1;0.8
Bigorneau, cuit;109;16.3;3.01;3.5;0
Calmar ou calamar ou encornet, cru;77;14.4;2.17;1.19;0
Calmar ou calamar ou encornet, à la romaine (beignet), préemballé;229;8.69;26.7;9.5;1
Coquille Saint-Jacques, noix et corail, crue;83;17;0.78;1.31;0
Coquille Saint-Jacques, noix et corail, cuite;110;20.2;3.22;1.77;0
Crabe, miettes et ou pattes décortiquées, appertisé, égoutté;97.8;18.1;4.16;0.96;0
Crevette grise, cuite;89.4;19.4;0.47;1.1;0
Crevette, cuite;91.3;20.5;0.2;0.79;0
Escargot, cru;77.9;16.1;1.29;0.92;0
Homard, bouilli/cuit à l'eau;90.9;19.6;0.11;1.32;0
Homard, cru;85.5;17.9;0.94;1.15;0
Huître, sans précision, crue;67.2;8.64;3.86;1.91;0
Langoustine, panée, frite;282;10.9;29;13.6;0
Moule, bouillie/cuite à l'eau;108;17.2;5.12;2.09;0
Moule commune, crue;71.8;11.2;2.69;1.82;0
Langouste, crue;86.9;17.7;1.07;1.34;0
Seiche, crue;76.3;16.2;0.51;1.05;0
Clam, praire ou palourde, cru;80.5;11.5;2.66;2.65;0
Poulpe, cru;60.1;12.9;0.97;0.5;0
Bulot ou buccin, cru;131;23.8;7.61;0.57;0
Bulot ou buccin, cuit;97.7;20.7;2.69;0.47;0
Crevette, crue;99;19.7;3.21;0.84;0
Langouste, bouillie/cuite à l'eau;106;21.8;1.3;1.52;0
Beignet de crevette;260;6.5;35.5;10;1
Langoustine, crue;89.8;19.1;1.53;0.79;0
Crabe ou tourteau, bouilli/cuit à l'eau;124;19.5;1.79;4.29;0
Moule de Méditerranée, crue;68.7;10.7;2.77;1.67;0
Clam, praire ou palourde, bouilli/cuit à l'eau;99.2;16.2;5.33;1.48;0
Moules, au naturel, appertisées, égouttées;97.6;16.1;2.6;2.1;1.95
Écrevisse, crue;68.3;14.8;0.81;0.64;0
Écrevisse, cuite;73.5;16.3;0.56;0.7;0
Crevette bouquet, sauvage, cuite;103;22.8;0;1.27;0
Coque, cuite;86.9;13.6;5.64;1.1;0
Huître creuse, crue;67.2;8.64;3.86;1.91;0
Huître plate, crue;53.5;10.2;1.16;0.9;0
Calmar ou calamar ou encornet, bouilli/cuit à l'eau;149;32.5;1.64;1.4;0
Crevette, surgelée, crue;105;23.4;0.74;0.9;0
Crabe, cru;104;19.5;0.03;2.86;0
Ormeau, cru;99.6;14.4;8.69;0.83;0
Escargot en sauce au beurre persillé, préemballé, cuit;275;12.9;1.75;23.7;1.25
Fruits de mer (aliment moyen);103;19.5;2.47;1.66;0
Langoustine, bouillie/cuite à l'eau;92.6;20.9;0;0.98;0
Coquille Saint-Jacques, noix, crue;83.6;17.9;1.15;0.84;0
Pecten d'Amérique ou peigne du Canada, noix, crue;81.3;17.3;1.78;0.54;0
Pétoncle ou peigne du Pérou, noix, crue;88.7;17.5;3.1;0.7;0
Araignée de mer, bouillie/cuite à l'eau;108;18.3;0.16;3.8;0
Crevette blanche ou crevette tropicale (rose), élevage, cuite;97.5;22.1;0.14;0.93;0
Crevette tropicale (tigrée), élevage, cuite;101;22.6;0.75;0.83;0
Crevette tropicale (rose), cuite (Penaeus brasiliensis);117;26.6;0;1.18;0
Bigorneau, cru;16.56;0;0;1.84;0
Poulpe, cuit;156;29.8;4.4;2.08;0
Fruits de mer, mélange ou cocktail, surgelés, cuits;79.5;13.5;2.83;1.57;0
Moules à la sauce catalane ou escabèche (tomate), appertisée, égouttée;75.4;9.6;4.9;1.65;1.25
Moules marinières (oignons et vin blanc), préemballées;91.9;10.3;7.43;2.24;0.53
Moules farcies (matière grasse, persillade…), préemballées, crues;283;9.56;4.2;24.8;1.5
Calmar ou calamar ou encornet, frit ou poêlé avec matière grasse;173;17.9;8.45;7.48;0
Crevettes, décortiquées, cuites, réfrigérées, préemballées;92.5;18.3;2.6;1.02;0.1
Ecrevisses, décortiquées, cuites, réfrigérées, préemballées;82.7;18.6;0.1;0.9;0.13
Crevettes grises, décortiquées, cuites, réfrigérées, préemballées;91.7;20.7;0.08;1;0
Escargot, cuit;84.7;16.6;1.39;1.4;0
Crevette sauvage, cuite;97.3;22;0.04;1.01;0
Crevette, élevage, cuite (aliment moyen);100;22.5;0.64;0.85;0
Cerfeuil, séché;302;23.2;37.8;3.9;11.3
Ail, cru;109;5.31;18.6;0;5.8
Bouillon de boeuf, déshydraté;232;10.2;18;13.3;0
Cerfeuil, frais;48.3;3.31;6.25;0.55;2.55
Ciboule ou ciboulette, fraîche;30.8;2.55;2.85;0.46;2.55
Cornichon, au vinaigre;16;1.06;0.78;0;1.5
Curry, poudre;301;14.5;2.63;14;53.2
Gingembre, poudre;335;8.98;58.3;4.24;14.1
Gélatine, sèche;348;86.9;0;0.1;0
Ketchup, préemballé;108;1.23;23.7;0.16;1.77
Levure de bière en paillettes;334;40.4;21.8;4.5;22.5
Levure de boulanger fraîche;115;8.4;11.9;1.9;8.1
Moutarde;151;6.92;4.33;11.2;0
Persil, frais;42.5;2.97;4.1;0.63;4.3
Poivre noir, poudre;331;13.3;39.9;7.5;25.3
Raifort, frais;73.2;5.25;7.79;0.45;7.5
Vinaigre;22.5;0.04;0.95;0.1;0
Poivre blanc, poudre;313;12.1;48.3;2.12;26.2
Moutarde à l'ancienne;142;6.6;2.2;9.9;4.5
Ail séché, poudre;346;16.6;63.7;0.73;9
Persil, séché;291;29;16.8;5.34;29.7
Cannelle, poudre;243;3.99;27.5;1.24;53.1
Coriandre, graine;345;12.4;13;17.8;41.9
Menthe, fraîche;57.6;3.52;5.3;0.84;7.4
Menthe, séchée;283;19.9;22.2;6.03;29.8
Basilic, séché;244;23;10.1;4.07;37.7
Basilic, frais;35.2;3.15;3.4;0.64;1.6
Marjolaine, séchée;276;12.7;20.3;7.04;40.3
Origan, séché;265;9;26.4;4.28;42.5
Romarin, séché;328;4.88;21.5;15.2;42.6
Sauge, séchée;320;10.6;20.4;12.8;40.3
Thym, séché;285;9.11;26.9;7.43;37
Safran;352;11.4;61.5;5.85;3.9
Câpres, au vinaigre;37.66;2.18;3.5;0.86;3.6
Bouillon de légumes, déshydraté;287;9.66;26;16;0
Cumin, graine;427;17.8;33.7;22.3;10.5
Tapenade, préemballée;229;1.93;3.29;21.9;5.26
Sel au céleri;49;1.81;4.14;2.53;1.19
Levure de boulanger déshydratée;341;42.7;14.3;6.56;26.9
Levure chimique ou poudre à lever;108;0.1;26.9;0;0.2
Noix de muscade;506;5.84;27.4;36.3;20.8
Paprika, poudre;318;14.1;18.8;12.9;34.9
Estragon, séché;342;22.8;42.8;7.24;7.4
Sauce tartare, préemballée;500;0.92;5.11;52.7;0.34
Clou de girofle;335;5.97;31.6;13;33.9
Laurier, feuille;353;7.61;48.6;8.36;26.3
Mayonnaise (70% MG min.), préemballée;692;1.33;3.41;74.5;0.26
Oignon au vinaigre;17.35;0.6;2.5;0.15;1.8
Quatre épices, poudre;348;6.09;50.5;8.69;21.6
Herbes de Provence, séchées;283;11.5;23.1;7.2;40.1
Pavot, graine;534;21.2;13.7;41.6;10
Sarriette, séchée;264;6.73;23;5.91;45.7
Aneth, séché;315;20;42.2;4.36;13.6
Carvi, graine;334;19.8;11.9;14.6;38
Vanille, extrait alcoolique;240;0.05;2.41;0;0
Fenouil, graine;327;15.8;12.5;14.9;39.8
Romarin, frais;121;3.31;6.6;5.86;14.1
Sauge, fraîche;34.9;4;0.97;0;7
Thym, frais;107;5.56;10.5;1.68;14
Ketchup allégé en sucres, préemballé;68.6;1.33;13.8;0.09;1.43
Gingembre, racine fraîche;33.3;1.1;3.4;1.1;2.7
Cardamome, poudre;321;10.8;40.5;6.7;28
Fenugrec, graine;350;27.1;33.8;6.41;24.6
Mayonnaise à teneur réduite en matière grasse ou mayonnaise allégée, préemballée;297;1.09;8.82;28.5;0.31
Herbes aromatiques fraîches (aliment moyen);51.2;3.26;4.69;0.93;5.53
Epice (aliment moyen);327;12.6;37.8;7.85;27.7
Agar (algue), frais, cru;28.4;0.54;6.25;0.03;0.5
Agar (algue), séché;27.54;6.21;0;0.3;0
Spiruline (Spirulina sp.), séchée ou déshydratée;374;60.4;17.7;6.27;2.71
Poivre de Cayenne ou piment de Cayenne, poudre;376;12;29.4;17.3;27.2
Curcuma, poudre;291;9.68;44.4;3.25;22.7
Vinaigre de cidre;3.72;0;0.93;0;0
Vinaigre balsamique;91.7;0.69;18;0;0.75
Estragon, frais;44;3.8;4.1;0;6.2
Aneth, frais;48.2;3.93;3.9;1.1;3.5
Coriandre, fraiche;22.3;2.13;0.87;0.52;2.8
Ciboulette, séchée;236.3;0;38.1;3.5;26.2
Cornichon, aigre-doux;36;1.25;5;0.35;1.5
Vanille, extrait aqueux;57.7;0.03;14.4;0;0
Sauce barbecue, préemballée;136;0.56;30.3;0.6;1.2
Sauce béchamel, préemballée;105;2.56;6.2;7.4;1.3
Sauce béarnaise, préemballée;455;0.88;4.87;47.7;0.13
Sauce soja, préemballée;39.9;7.25;1.72;0;0.9
Sauce hollandaise, préemballée;197;1.19;3.2;19.8;0.5
Sauce tomate aux oignons, préemballée;78.8;1.52;7.69;4.18;2.17
Sauce vinaigrette à l'huile d'olive (50 à 75% d'huile), préemballée;471;0.7;3.03;50.5;0.53
Sauce vinaigrette allégée en matière grasse (25 à 50% d'huile), préemballée;251;0.25;2.39;26.4;0.5
Sauce vinaigrette (50 à 75% d'huile), préemballée;475;0.55;2.91;51;0.75
Sauce armoricaine, préemballée;83.6;2.1;3.95;6.6;0
Harissa (sauce au piment), préemballée;76.4;2.72;7.3;2.9;5.1
Sauce tomate à la viande ou sauce bolognaise, préemballée;93.8;4.22;7.27;4.81;2.29
Sauce au poivre vert, préemballée;88.9;1.3;5.3;6.65;1.3
Sauce bourguignonne, préemballée;439;1.34;7.85;44.6;0.53
Sauce madère, préemballée;37.6;0.6;3.6;2.2;0.5
Sauce à l'échalote à la crème, préemballée;106;1.7;11.9;5.53;0.9
Sauce carbonara, préemballée;160;5.17;4.7;12.8;2.65
Sauce chasseur, préemballée;38.8;1.21;4.66;1.61;0.43
Sauce au curry, chaude, préemballée;77.4;1.02;10.6;3.16;1.28
Sauce au beurre blanc, préemballée;212;1.13;3.4;21.4;0
Sauce béchamel au beurre, faite maison;147;3.84;8.97;10.6;0.2
Sauce moutarde, préemballée;233;1.66;4.7;22.8;1.2
Sauce au beurre, préemballée;192;2.2;5.2;17.9;1
Sauce à la crème;78.2;1.08;5.9;5.55;0.17
Sauce aux champignons, préemballée;98.8;3.2;6.3;6.26;2.25
Sauce à la crème aux épices;82.5;1.16;6.2;5.75;0.65
Sauce à la crème aux herbes;76.6;1.09;5.5;5.49;0.4
Sauce aigre douce, préemballée;153;0.3;37;0.2;0.97
Sauce au vin rouge, faite maison;64.5;0.81;7;2.22;0.46
Sauce au yaourt, faite maison;98.5;3.64;5.04;6.91;0.8
Sauce américaine, préemballée;409;1.34;9.99;39.8;1
Sauce aïoli, préemballée;480;1.13;5.44;50.2;0.25
Fond de veau pour sauces et cuisson, déshydraté;343;8.5;59.5;7.4;2.1
Sauce basquaise ou sauce aux poivrons, préemballée;63.1;1.17;7.41;2.71;2.09
Fond de volaille pour sauces et cuisson, déshydraté;336;10;63;4.5;1.5
Court-bouillon pour poissons, déshydraté;260;5;7;23;2.5
Bouillon de volaille, déshydraté;193;13;17;8;0.5
Gelée au madère, déshydratée;262;47;18;0.2;0
Gelée au madère;136;24.4;9.75;0.01;0
Sauce tomate aux champignons, préemballée;68.3;1.79;7.78;2.68;2.35
Sauce tomate aux olives, préemballée;110;1.41;7.5;7.32;3.34
Sauce pesto, préemballée;370;3.94;6.6;35.4;2.5
Sauce au poivre, chaude, préemballée;160;1;4.8;14.8;1.13
Sauce (aliment moyen);246;1.51;6.74;23.3;1.18
Sauce crudités ou sauce salade, préemballée;303;0.61;6.17;30.5;0.56
Sauce au fromage pour risotto ou pâtes, préemballée;118;3.11;4.24;9.53;1.4
Sauce au roquefort, préemballée;128;2.85;4.4;10.9;0.6
Sauce aux champignons et à la crème, préemballée;75.5;1.38;6.2;5;0
Sauce nuoc mâm ou sauce au poisson, préemballée;81.2;9.3;10.9;0;0.2
Sauce burger, préemballée;427;1.28;13.2;40.4;0.58
Sauce crudités ou sauce salade, allégée en matière grasse, préemballée;160;0.8;6.7;14.3;0.62
Sauce grand veneur, préemballée;103;1.5;8.45;7;0
Sauce indienne type tandoori ou tikka masala, préemballée;86.7;2.6;14.3;1.7;1.9
Sauce kebab, préemballée;433;1.22;6.93;44.1;0.3
Sauce rouille, préemballée;551;0.6;2.7;59.8;0
Sauce tomate aux petits légumes, préemballée;66.8;1.54;7.57;2.9;2.12
Sauce tomate au fromage, préemballée;180;3.94;8.09;14.2;2.41
Sauce pesto rosso, préemballée;305;4.8;8.58;27;4.15
Sauce au poivre, froide, préemballée;472;0.69;5.8;49.3;0
Sauce froide (aliment moyen);318;0.83;6.23;31.9;0.79
Préparation culinaire à base de soja, type "crème de soja";152;3.25;2.03;14.7;0
Caviar de tomates;218;2.19;6.8;19.2;3.5
Sauce soja sucrée, préemballée;171;2.88;39.5;0;0
Sauce pour nems à base de nuoc-mam dilué, préemballée;132;1.38;31.2;0;0
Sauce chaude (aliment moyen);123;2.67;7.65;8.67;1.88
Sauce végétale type bolognaise, aux protéines de soja, préemballée;68;3.56;5.05;3;2.46
Vinaigre de vin rouge;20.6;0.25;0;0;0
Extrait de levure, à tartiner;187;42.4;3.5;0.4;0
Ktipiti, tartinade de fromage frais aux poivrons rouges, préemballé;154;7.24;3.9;11.9;1.35
Sauce d'huître, préemballée;50.7;1.35;10.6;0.25;0.3
Sauce algérienne, préemballée;486;1.76;14;46.8;0.9
Sauce andalouse, préemballée;548;1.61;8.03;56.5;0.7
Sauce cocktail, préemballée;572;1.33;9.2;58.7;0.78
Sauce pommes frites, préemballée;330;0.82;10.3;31.6;0.2
Sauce samouraï, préemballée;523;1.11;5.09;55.2;0.65
Sauce au curry, froide, préemballée;367;0.88;8.49;36.5;0.58
Sauce Caesar, préemballée;448;1.8;7.04;45.7;1
Crème de pruneaux, préemballée;240;1.4;55;0.45;5
Sauce au chocolat, préemballée;308;2.16;62.3;5.1;1.8
Sauce teriyaki, préemballée;88.1;5.93;16;0.02;0.1
Sauce à l'oseille, préemballée;153;1.3;1.7;15;3.2
Fumet de poisson, prêt à consommer, préemballé;53.6;5.1;3.8;2;0
Fond de veau, préemballé;40.9;3.15;2.4;2.05;0.1
Ail, rôti/cuit au four;125;5.56;23.8;0;2.7
Ail, grillé/poêlé, sans matière grasse;130;6;22;0.4;5.8
Édulcorant à l'aspartame, en pastilles;44;11;0;0;0
Bicarbonate de soude;0.4;0.1;0;0;0
Édulcorant à l'aspartame, en poudre;18.6;1;3.7;0;0
Vermicelles multicolores;389;1.16;95.6;0.15;0.5
Camembert, sans précision sur le type de lait (pasteurisé ou cru);280;19.5;0;22.5;0
Fromage à pâte molle et croûte fleurie, non allégé en matière grasse (type camembert);271;19.7;0;21.5;0
Fromage à pâte molle et croûte fleurie, allégé en matière grasse (type camembert);178;22.6;1.07;9.3;0
Camembert au lait cru ou thermisé;267;20.7;0;20.3;0
Camembert au lait pasteurisé;275;19.2;1.29;21.5;0
Fromage à pâte molle et croûte fleurie, double crème environ 30% MG;346;16.6;0.64;30.9;0.04
Coulommiers;280;18.8;0;23;0.04
Fromage à pâte molle type carré ou brique, à croûte fleurie, non allégé en matière grasse;330;17.8;0;28.8;0.05
Brie, sans précision;345;17.6;0.68;30.4;0.06
Brie de Meaux;276;21.4;1.17;20.7;0.13
Brie de Melun;288;22;0;22.2;0
Carré de l'Est;318;18.4;0.83;27;0
Chaource;278;17.3;0.58;22.9;0
Maroilles, laitier;338;22.3;0;27.8;0
Maroilles, fermier;349;21.2;0;29.5;0
Neufchâtel;300;18.1;0;25.5;0
Fromage à pâte molle, triple crème, environ 38% MG;380;10.5;1.05;37.2;0
Fromage à pâte molle et croûte lavée (aliment moyen);313;20;0.42;25.9;0.09
Fromage à pâte molle et croûte lavée, allégé en matière grasse;200;21.6;1;12.4;0
Maroilles, sans précision;325;21.9;0;26.4;0
Livarot;301;24.6;0;22.6;0
Époisses;286;17.6;0;24;0
Munster;324;20.4;0.7;26.8;0.19
Langres;286;16.7;1.13;23.8;0
Fromage à pâte molle et croûte lavée, non allégé en matière grasse;311;20.3;0;25.7;0
Pont l'Évêque;326;22.7;0;26.2;0
Reblochon;322;20.3;0;26.9;0
Saint-Marcellin;280;15.1;0;24.3;0
Fromage à pâte molle et croûte mixte (lavée et fleurie) colorée;336;18.2;1;29;0
Mont d'or ou vacherin du Haut-Doubs (produit en France) ou vacherin-Mont d'Or (produit en Suisse);293;17.9;0.54;24.6;0
Saint-Félicien;281;13.4;0;25.2;0
Fromage pour tartiflette (pâte molle et croûte mixte);320;20.2;0.72;26.4;0
Spécialité fromagère non affinée en coque, enrichie en vitamines;242;5.51;3.5;22.9;0
Brocciu ou brucciu corse, fromage à base de lactosérum de brebis et/ou de chèvre non affiné;173.8;10.2;4;13;0
Fromage type feta, au lait de vache 100%;273;15.4;1.22;22.6;0
Fromage type feta, au lait de brebis 100%;264.72;16.3;0.83;21.8;0
Fromage type feta, au lait de vache 100%, à l'huile et aux aromates;283;17.6;0.16;23.4;0
Boulette d'Avesne;355;20.9;0;30;0
Bouchée apéritive de fromage au lait de vache non affiné, fourrée ou enrobée;274;11.3;2.92;24;0
Feta, au lait de brebis 70% minimum et lait de chèvre 30% maximum;284;15.1;0.45;24.3;0.2
Fromage type feta, au lait de vache 100%, à l'huile et aux aromates, égoutté;550.6;9.75;0.5;56.6;0.1
Fromage frais ou spécialité fromagère non affinée, nature, à tartiner, en barquette, non allégée en matière grasse;225;6.25;3.31;20.7;0
Fromage frais ou spécialité fromagère non affinée, nature, à tartiner, en barquette, allégée en matière grasse;133;10.8;5.12;7.48;0.25
Fromage frais ou spécialité fromagère non affinée, ail et fines herbes, à tartiner, non allégée en matière grasse;320;8.03;2.7;30.8;0
Brousse (fromage de brebis frais au lactosérum);142;9.38;4.81;9.36;0
Burrata;259;10.8;0.93;23.4;0
Fromage frais ou spécialité fromagère non affinée, olives, figues et noix, etc (autre que ail et fines herbes), à tartiner, non allégée en matière grasse;303.78;6.79;4.12;28.8;0.47
Emmental de Savoie ou emmenthal de Savoie;396;29.7;0;30.8;0
Fromage à pâte pressée cuite (aliment moyen);396;27.8;0.28;31.6;0
Beaufort;404;26.7;0.72;33;0.06
Cantal jeune;363;24.7;0;29.1;0
Comté;413;27.8;0;33.8;0
Fromage à effilocher ou à dérouler;307;23.8;2.68;22.4;0
Abondance;393;27.1;0;31.6;0.08
Gruyère IGP France;415;28.2;0.7;33.2;0
Gruyère, sans précision (origine France ou Suisse);408;26.3;0.78;33.5;0
Emmental ou emmenthal;373;27.9;0;28.8;0
Fromage à pâte pressée cuite type emmental ou emmenthal, allégé en matière grasse;258;29.2;1.18;15.2;0
Emmental ou emmenthal, râpé;368;27.6;0.58;28.2;0.04
Ossau-Iraty (fromage de brebis);423;24.2;1;36;0
Parmesan;411;31.1;1.14;31;0
Fontina;384;25.6;0.8;31.1;0
Pecorino (fromage de brebis);383;25.5;1;31;0
Grana Padano;399;33.9;1.17;28.5;0
Fromage fondu en tranchettes;246;14.1;5.34;18.5;0
Spécialité fromagère fondue aromatisée en cubes pour l’apéritif (cubes de fromage fondu au lait de vache);251;12.4;5.57;19.9;0
Fromage fondu en portion (triangle), non enrichi;238;11.2;8.52;17.6;0.13
Fromage fondu en portion (triangle), enrichi en vitamines;259;8;8.49;21.4;0
Fromage fondu, allégé en matière grasse;134;11.5;4.6;7.36;0
Fromage blanc fondu en portion (carré), non enrichi en vitamines;305;8.77;2.98;28.6;0
Fromage blanc fondu en portion (carré ou bâtonnet), enrichi en vitamines;305;8.38;3.39;28.7;0
Crème de camembert;267.8;11.2;4;23;0
Cancoillotte (spécialité fromagère fondue);151;13.8;0.48;10.5;0
Fromage frais ou spécialité fromagère non affinée, ail et fines herbes, à tartiner, allégée en matière grasse;147.24;3.06;4.5;13;0
Spécialité fromagère fondante au fromage blanc et aux noix;311;11.2;2.5;28.5;0
Snack pour enfants à base de fromage fondu et de gressins;298;9.83;24;17.9;1
Roquefort (fromage de brebis);384;19.5;0;33.9;0
Fourme de Montbrison;365;22.5;0;30.8;0
Fromage bleu au lait de vache, non allégé en matière grasse;361;16.8;0.68;32.5;0.06
Fromage bleu d'Auvergne;342;20.6;0;29;0
Fourme d'Ambert;339;20.6;0;28.4;0
Fromage bleu des Causses;350;20.4;0;30;0
Gorgonzola;318;19.5;0;26.9;0
Bleu de Gex ou fromage bleu du Haut-Jura ou bleu de Septmoncel;364;22.5;0;30.7;0
Fromage bleu au lait de vache, allegé en matière grasse;223;21.4;1;15;0
Fromage à pâte pressée non cuite type maasdam, allégé en matière grasse;238;28.2;0.8;13.8;0
Provolone;340;25.6;0;26.6;0
Fromage à pâte pressée non cuite, enrobé de cire, non allégé en matière grasse;303;21.5;0;23.8;0
Fromage à pâte pressée non cuite, enrobé de cire, allégé en matière grasse;208;25.5;0;12;0
Cantal entre-deux;383;26.6;0;30.5;0
Cantal;378;25.3;0;31;0
Salers;388;25.9;0;31.4;0
Cheddar;399;24.7;1.2;32.6;0
Edam;320;25.7;0;24.4;0
Mimolette jeune (moins de 6 mois d'affinage);331;28.9;0;24.2;0
Gouda;369;24.7;0;30.2;0
Mimolette demi-vieille (6 mois d'affinage minimum);371;30.6;0.75;27.5;0
Mimolette vieille (12 mois d'affinage minimum);397;34;0;28.8;0
Mimolette, sans précision;319;25.8;0;24.2;0
Fromage à pâte pressée non cuite type maasdam, non allégé en matière grasse;359;25.5;0;28.4;0
Mimolette extra-vieille (18 mois d'affinage minimum);402;33.7;1;29.5;0
Morbier;355;22.8;0;29.2;0
Fromage de brebis à pâte pressée non cuite des Pyrénées, type tomme ou tome;393;22.3;0.72;33.6;0
Saint-Nectaire, laitier;333;21.7;0.9;27.2;0
Raclette (fromage);342;23.4;0;27.5;0
Saint-Nectaire, fermier;360;22.3;1.2;29.8;0
Saint-Nectaire, sans précision;342;23.5;0.5;27.5;0
Saint-Paulin (fromage à pâte pressée non cuite demi-ferme);327;22.3;0;26.4;0
Tomme ou tome de vache;364;21.6;3.37;29.4;0
Tomme ou tome, allégée en matière grasse;240;31;0;13.2;0
Asiago;356;32.1;0;25.6;0
Fromage de brebis corse à pâte molle;426;20.4;0;38.4;0
Tome des Bauges;381;26.6;0;30.8;0
Tête de moine;415;26;0.5;34.5;0
Raclette (fromage) fumée;345;24.1;0.5;27.7;0
Raclette (fromage), au poivre;350;24.5;0.5;28;0
Gouda au cumin;378;24.1;0.6;31;0.9
Fromage type feta, au lait de brebis 100%, à l'huile et aux aromates, égoutté;28.56;7.04;0.1;0;0
Tomme ou tome de Savoie;361;23.5;0.97;29.2;0
Tomme ou tome des Pyrénées;340;22.1;0.7;27.9;0
Mélange de fromages râpés (ex : spécial gratins, spécial pâtes, spécial pizzas…);386;32;0.15;28.9;0
Raclette de Savoie (fromage);357;24.1;0;29.1;0
Fromage de chèvre lactique affiné, type palet, crottin ou bûchette;308;20.7;1.24;24.7;0
Fromage de chèvre frais, type palet, crottin ou bûchette;194;12;2.5;15.2;0
Sainte-Maure de Touraine (fromage de chèvre);286;18.5;1.12;23.3;0
Fromage de chèvre demi-sec;353;21.6;0;29.8;0
Fromage de chèvre bûche;285;18.8;0;23.3;0
Fromage de chèvre bûche, allégé en matière grasse;183;22.6;1;10;0
Fromage de chèvre à pâte molle non pressée non cuite et croûte naturelle;286;19.5;0.72;23;0
Fromage de chèvre sec;440;30.5;0;35.6;0
Fromage à pâte pressée demi-cuite;359;25.6;0;28.8;0
Fromage de chèvre à tartiner, nature;161;10.8;2.41;12.2;0
Fromage de chèvre à pâte molle et croûte fleurie (type camembert, cabécou);288;19;0;23.8;0
Fromage de brebis à pâte molle et croûte fleurie;297;18;0;25.2;0
Fromage de lactosérum de brebis;190;10.1;4.3;14.8;0
Chabichou (fromage de chèvre);305;19.4;1.5;24.8;0
Pélardon (fromage de chèvre);343;23.8;0;27.8;0
Crottin de chèvre, au lait cru;384;23.2;0;32.6;0
Crottin de chèvre, sans précision sur le type de lait - pasteurisé ou cru -;344;22.4;1;28;0
Crottin de Chavignol (fromage de chèvre);318;20.7;1.28;25.8;0
Picodon (fromage de chèvre);313;19.9;1;25.6;0.13
Pouligny Saint-Pierre (fromage de chèvre);286;17.6;1.38;23.5;0
Sainte-Maure (fromage de chèvre);298;20;0.91;24;0
Selles-sur-Cher (fromage de chèvre);289;18.8;1.17;23.5;0
Chevrot (fromage de chèvre);263;17.2;1.42;21.1;0
Rocamadour (fromage de chèvre);274;18.1;0.93;22.2;0.5
Valençay (fromage de chèvre);295;18.9;0.64;24.3;0
Fromage de chèvre à pâte pressée non cuite, type tomme ou tome ou gouda de chèvre;344;22.1;0.9;28.2;0
Fromage (aliment moyen);324;21.1;0.71;26.3;0.01
Abricot, dénoyauté, cru;44.1;0.81;9.01;0;1.7
Abricot, dénoyauté, sec;239;2.88;59.1;0.5;8.3
Ananas, chair sans peau, cru;51.6;0.25;11.7;0;1.2
Avocat, chair sans peau, sans noyau, cru;203;1.56;0;20.6;3.6
Banane, chair sans peau, crue;87.6;1.06;19.7;0;2.7
Cassis, cru;70.2;1.4;9.68;0.41;7.13
Ceriser, chair et peau, sans noyau, crue;53.7;0.81;13;0;1.6
Citron, chair sans peau, sans pépins, cru;24.3;0.25;1.56;0;0
Coing, cru;59;0.4;12.5;0.1;1.9
Datte, chair et peau, sans noyau, sèche;287;1.81;64.7;0.25;7.3
Figue, crue;67.6;1.19;13.5;0;4.1
Figue, sèche;261;2.9;55;1.22;8.15
Fraise, crue;35.1;0.63;6.03;0;3.8
Framboise, crue;47.9;1.19;5.83;0.8;4.3
Fruit de la passion ou maracudja, chair sans peau, avec pépins, cru;102;2.13;10.9;3;6.8
Grenade, chair sans peau, avec pépins, crue;81;1.44;14.3;1.2;2.3
Groseille, crue;67.2;1.56;7.06;0.7;4.6
Groseille à maquereau, crue;39.4;0.88;4.45;0.58;4.3
Kiwi, chair sans peau, avec pépins, cru;60.9;0.88;11;0.6;2.4
Litchi, chair sans peau, sans noyau, cru;77.5;1.13;16.1;0;2
Clémentine ou mandarine, chair sans peau, sans pépins, crue;45.5;0.81;9.17;0;1.7
Mangue, chair sans peau, sans noyau, crue;71.1;0.63;14.3;0;1.6
Melon cantaloup (par ex.: Charentais), chair sans peau, sans pépins, cru;59.8;1.13;14.8;0;1.3
Prune mirabelle, sans noyau, crue;74.6;0.63;18;0;2.2
Myrtille, crue;57.7;0.87;10.6;0.33;2.4
Mûre (de ronce), crue;46;1.13;6.53;0.7;5.2
Olive noire, en saumure, égouttée;173;1.38;0;17.2;6.2
Olive verte, en saumure, égouttée;164;1.13;0.61;16.6;3.6
Orange, chair sans peau, sans pépins, crue;42;0.75;8.03;0;2.7
Papaye, chair sans peau, crue;39.6;0.75;8.53;0;1.8
Pastèque, chair sans peau, sans pépins, crue;35.4;0.69;8.33;0;0.5
Poire, chair et peau, crue;56.6;0.36;12.3;0.27;2.9
Compote de pomme, préemballée;107;0.25;25.8;0.23;1.54
Pomme, chair et peau, crue;54;0.25;11.6;0.25;1.4
Pomelo (dit Pamplemousse), chair sans peau, sans pépins, cru;33.5;0.84;5.92;0;1.1
Prune Reine-Claude, sans noyau, crue;69;0.94;16.4;0;1.7
Pruneau, sans noyau, sec;229;1.63;55.4;0.4;5.1
Pêche, chair et peau, sans noyau, crue;37.9;0.91;7.55;0.25;1.5
Raisin blanc, à gros grain (type Italia ou Dattier), cru;71.6;0.75;16.6;0;1
Raisin noir, cru;69.5;0.57;15.6;0.25;1.43
Raisin sec;322;3;73.2;0.9;4.2
Rhubarbe, tige, crue;18.1;0.73;1.12;0.16;1.8
Mélange apéritif de fruits exotiques, sec;389;2.19;69.5;10.5;3.4
Carambole, chair et peau, crue;28.4;1.04;3.83;0.33;2.8
Cerise acérola, chair et peau, sans noyau, crue;32.86;0.4;6.59;0.3;1.1
Anone ou chérimole, chair sans peau, crue;80;1.57;15.4;0.68;3
Feijoa, chair sans peau, crue;52.22;0.71;8.2;0.42;6.4
Figue de Barbarie, chair et peau, avec pépins, crue;51.5;0.12;9.79;0.11;5.3
Kaki, chair et peau, cru;66;0.88;14.3;0;3.4
Citron vert ou lime, chair sans peau, sans pépins, cru;39.3;1.13;3.14;0;4.3
Mûre noire (du mûrier), crue;45.07;1.44;8.1;0.39;1.7
Ramboutan ou rambutan, chair sans peau, sans noyau, crue;86.29;0.65;20;0.21;0.9
Tamarin, fruit mûr, chair sans peau, avec pépins, cru;256.4;2.8;57.4;0.6;5.1
Goyave, chair sans peau, crue;68.3;2.55;9.02;0.95;5.4
Pomme Canada, chair sans peau, crue;51.1;0.4;11.6;0.1;1.6
Pomme Golden, chair sans peau, crue;50.4;0.25;11.7;0;2.5
Banane, chair sans peau, sèche;365;3.89;78.4;1.81;9.9
Prune, sans noyau, crue;51.6;0.7;9.92;0.28;1.4
Raisin Chasselas, cru;77.8;0.75;16.9;0.5;2
Griotte, crue;52.3;1;10.6;0.3;1.6
Pomme, sèche;247;0.93;55;0.32;8.7
Canneberge ou cranberry, crue;46.75;0.88;7.6;0.17;5.65
Pêche, chair et peau, sans noyau, sèche;329;5;65.4;1;14.3
Pruneau, sans noyau, cuit;7.08;1.23;0;0.24;0
Pomme Granny Smith, chair sans peau, crue;51;0.25;11.4;0;2.6
Pomme Granny Smith, chair et peau, crue;48.6;0.25;10.7;0;2.8
Citron, zeste, cru;51.5;1.5;5.4;0.3;10.6
Sureau, baie, crue;66.74;0.66;11.4;0.5;7
Chayote ou christophine ou chouchou, crue;19.1;0.82;2.8;0.13;1.7
Compote, tout type de fruits, allégée en sucres, préemballée, rayon frais;63.8;0.17;14.7;0.07;1.89
Olive noire, à l'huile (à la grecque);349;2.19;4.33;33.3;11.6
Myrtille, surgelée, crue;48.44;0.42;8.9;0.64;2.7
Salade de fruits, crue;79.3;0.61;18;0.24;1.36
Framboise, surgelée, crue;49.5;1;7;0.5;6.5
Olives vertes, fourrées ou farcies (anchois, poivrons, etc.);156;2.09;1.17;15.2;3
Nectarine ou brugnon, jaune, chair et peau, sans noyau, crue;49.5;0.69;11.3;0;0.6
Nectarine ou brugnon, blanche, chair et peau, sans noyau, crue;49.5;0.81;11.4;0;0
Mûre (de ronce), surgelée, crue;61.39;1.18;10.7;0.43;5
Compote de pomme, allégée en sucres, rayon ambiant;64.3;0.25;15.1;0.13;1.3
Dessert de fruits, tout type de fruits (en taux de sucres : compotes allégées en sucres < desserts de fruits < compotes), préemballé, rayon ambiant;89.3;0.33;20.6;0.21;1.95
Purée de fruits, tout type de fruits, type "compote sans sucres ajoutés", rayon ambiant;56.4;0.25;13.3;0;1.7
Spécialité de fruits, tout type de fruits, sucrée (mélange chairs et/ou purées de fruits, mais toujours avec autre ingrédient), préemballée, rayon ambiant;72.7;0.28;16.5;0.41;1.71
Petit pot fruit avec banane pour bébé;56.6;0.6;12.1;0;2.3
Petit pot fruit sans banane pour bébé;49.2;0.29;10.9;0;2.07
Boisson aux fruits pour bébé dès 4/6mois;35.1;0.25;8.57;0;0
Boisson à base de plantes pour bébé;23.2;0.25;5.8;0;0
Boisson infantile céréales lactées aux légumes pour dîner dès 4/6 mois;82.1;2.14;11.6;2.83;0.9
Boisson infantile céréales lactées aux fruits pour le goûter dès 4/6 mois;67.6;1.75;7.7;3;1.5
Boisson infantile céréales lactées pour le petit déjeuner dès 4/6 mois;80.7;1.98;12.1;2.7;0
Dessert infantile lacté type crème dessert;87;3.32;11.3;3.1;0
Dessert infantile lacté au riz ou à la semoule;90.8;3.45;11.7;3.3;0
Dessert infantile lacté, sucré, nature ou aux fruits;97;3.19;12.5;3.5;0
Céréales instantanées, poudre à reconstituer, dès 4/6 mois;393;5.1;88.3;1.7;1.8
Céréales instantanées, poudre à reconstituer, dès 6 mois;391;10;81.1;2;4.3
Boisson infantile céréales lactées pour le petit déjeuner dès 8/9 mois;81.2;2.36;11.6;2.8;0
Boisson infantile céréales lactées pour le petit déjeuner dès 12 mois;86.3;2.23;12.6;2.78;1.1
Boisson infantile lactées aux fruits pour le goûter dès 4/6 mois (sans céréales);72.5;1.85;10.4;2.6;0
Boisson infantile céréales lactées aux légumes pour diner dès 12 mois;177.67;0;23.6;8.93;1.45
Boisson infantile céréales lactées pour le petit déjeuner;85.5;1.9;12.7;2.89;0.6
Spécialité de fruits, tout type de fruits, sans sucres ajoutés (mélange chairs et/ou purées de fruits, mais toujours avec autre ingrédient), préemballée, rayon ambiant;58.3;0.32;12.7;0.37;1.91
Pomme, chair sans peau, rôtie/cuite au four;52.7;0.16;12.9;0;0
Pomme, chair sans peau, bouillie/cuite à l'eau;54;0.26;11.2;0.36;2.4
Chayote ou christophine ou chouchou, bouillie/cuite à l'eau;21.6;0.62;2.29;0.48;2.8
Canneberge ou cranberry, séchée, sucrée;332;0.25;76.4;1;5.7
Pomelo (dit Pamplemousse) jaune, chair sans peau, sans pépins, cru;35.1;0.69;7.31;0.1;1.1
Pomelo (dit Pamplemousse) rose, chair sans peau, sans pépins, cru;32.34;0.77;6.2;0.14;1.6
Boisson infantile céréales lactées (aliment moyen);86;2.22;12.6;2.78;1.11
Baie de goji, séchée;300;12.1;49;2.9;11.8
Olive (aliment moyen);165;1.29;0.65;16.6;3.83
Compote ou assimilé, tout type de fruits, sans précision sur la teneur en sucres (allégée en sucres ou non, sans sucres ajoutés…) ni sur le rayon (aliment moyen);80.2;0.26;19.1;0.16;1.65
Olive noire (aliment moyen);182;1.41;0.26;18;6.46
Purée de pommes, type "compote sans sucres ajoutés", rayon ambiant;56.4;1.13;11.6;0.28;1.7
Poire Conférence, chair sans peau, crue;49.1;0.25;11.4;0;3.1
Poire Williams, chair sans peau, crue;50.2;0.25;11.5;0;3.1
Pomme Chantecler, chair sans peau, crue;47.2;0.25;11.2;0;1.9
Pomme Gala, chair sans peau, crue;51.6;0.25;11.9;0;1.9
Pomme Pink lady, chair sans peau, crue;57.3;0.25;12.8;0;2.9
Pêche blanche, chair et peau, sans noyau, crue;44.3;0.69;9.48;0;2.1
Pêche blanche, chair sans peau, sans noyau, crue;44.3;0.63;9.63;0;1.1
Pêche jaune, chair sans peau, sans noyau, crue;44.5;0.69;9.8;0;1
Compote, tout type de fruits autres que pomme seule, allégée en sucres, préemballée, rayon ambiant;65.7;0.25;15.4;0.2;1.6
Mangue José, chair sans peau, sans noyau, crue, prélevée à La Réunion (Mangifera indica L.);88.8;0.75;19.3;0.5;1.8
Ananas Victoria ou Queen Victoria, chair sans peau, crue, prélevé à La Réunion;69.8;0.94;15.1;0;2.4
Papaye Colombo (fruit mûr), chair sans peau, sans pépins, crue, prélevée à La Réunion (Carica papaya L.);38;0.56;7.88;0;2.2
Rhubarbe, tige, cuite;18.8;0.94;1.35;0;2.3
Compote de pêche, préemballée;106;0.63;24.9;0.1;1.65
Compote d'abricot, préemballée;103;0.72;24.1;0.1;1.47
Compote de rhubarbe, préemballée;111;0.57;25.8;0.07;2.38
Dessert de fruits, tout type de fruits (en taux de sucres : compotes allégées en sucres < desserts de fruits < compotes), préemballé, rayon frais;77.3;0.35;17.7;0.22;1.78
Spécialité de fruits divers, sucrée (mélange chairs et/ou purées de fruits, mais toujours avec autre ingrédient), préemballée, rayon frais;79.2;0.36;18.2;0.22;1.87
Spécialité de fruits, tout type de fruits, sans sucres ajoutés (mélange chairs et/ou purées de fruits, mais toujours avec autre ingrédient), préemballée, rayon frais;55.6;0.38;12.2;0.3;1.8
Purée de fruits, tout type de fruits, type "compote sans sucres ajoutés", préemballée, rayon frais;58.7;0.43;12.7;0.29;2.02
Compote, autres fruits, préemballée;101;0.25;23.9;0.07;2
Compote de pomme, sans précision sur la teneur en sucres ni sur le rayon (aliment moyen);93.5;0.25;22.4;0.2;1.46
Dessert de fruits, tout type de fruits (en taux de sucres : compotes allégées en sucres < desserts de fruits < compotes), préemballé, sans précision sur le rayon (aliment moyen);84.4;0.34;19.4;0.22;1.88
Purée de fruits, tout type de fruits, type "compote sans sucres ajoutés", sans précision sur le rayon (aliment moyen);56.4;0.25;13.3;0.15;1.7
Spécialité de fruits, tout type de fruits, (mélange chairs et/ou purées de fruits, mais toujours avec autre ingrédient), sans précision sur la teneur en sucres ni sur le rayon (aliment moyen);72.7;0.28;16.5;0.41;1.71
Raisin cru (aliment moyen);71;0.7;16.3;0.25;1.11
Pomme, chair sans peau, crue (aliment moyen);51.3;0.26;11.9;0.24;2.39
Poire, chair, crue (aliment moyen);49.7;0.25;11.4;0;3.1
Pêche, chair sans peau, sans noyau, crue (aliment moyen);44.4;0.67;9.74;0;1.03
Nectarine ou brugnon, chair et peau, sans noyau, crue (aliment moyen);49.5;0.74;11.3;0;0.47
Abricot pays, chair et peau, sans noyau, au sirop, appertisé, non égoutté, prélevé à la Martinique;58.82;0.28;13.3;0.1;1.8
Abricot pays, chair et peau, sans noyau, cru, prélevé à la Martinique;51.77;0.48;10.8;0.05;3.1
Ananas, chair sans peau, cru , prélevé à la Martinique;2.24;0.56;0;0;0
Caïmite (ou pomme étoile ou pomme de lait), chair sans peau, cru, prélevé à la Martinique;27.07;0.31;0;2.87;0
Cerise acérola, chair et peau, sans noyau, crue, prélevée à la Martinique;3.11;0.56;0;0.1;0
Chadèque, chair sans peau, sans pépins, cru, prélevé à la Martinique;4.62;0.48;0;0.3;0
Chips d'abricot pays, prélevé à la Martinique;459.34;0.96;68.7;18.7;6.2
Goyave, chair sans peau, purée, prélevée à la Martinique;3.38;0.83;0;0.01;0
Jus de carambole, prélevé à la Martinique, jus filtré;1.35;0;0;0.15;0
Jus de carambole, prélevée à la Martinique, jus non filtré;0.52;0.06;0;0.03;0
Jus de citron punch (variété petit calibre), pur jus, prélevé à la Martinique;3.18;0.48;0;0.14;0
Jus de citron vert (variété gros calibre), pur jus, prélevé à la Martinique;6.9;0.69;0;0.46;0
Jus de corossol, prélevé à la Martinique;6.47;0.65;0;0.43;0
Jus de fruit de la passion ou maracudja, prélevé à la Martinique, pur jus;7.65;1.08;0;0.37;0
Jus de grenade, prélevée à la Martinique;2.76;0.69;0;0;0
Jus de lime, pur jus, prélevé à la Martinique;6.53;0.35;0;0.57;0
Jus de mandarine commune, pur jus filtré pasteurisé, prélevée à la Martinique;37.6;0;9.4;0;0
Jus de mandarine commune, pur jus filtré, prélevée à la Martinique;42.1;0.61;8.63;0.57;0
Jus de mandarine macaque, pur jus filtré, prélevée à la Martinique;45.5;0.6;10.8;0;0
Jus de moubin, pur jus, prélevé à la Martinique;5.23;0.88;0;0.19;0
Jus de pamplemousse (variété locale), pur jus, prélevé à la Martinique;3.39;0.42;0;0.19;0
Jus de prune de cythère verte "géante" (variété locale), fruit mûr, pur jus filtré, prélevée à la Martinique;33.4;0.29;7.13;0.19;1
Jus de prune de cythère verte "géante" (variété locale), fruit vert, pur jus filtré, prélevée à la Martinique;32;0.44;6.55;0.28;0.8
Jus de prune de cythère verte "naine" (variété hybride), fruit mûr, pur jus filtré, prélevée à la Martinique;46.4;0.69;9.97;0.21;0.9
Jus de prune de cythère verte "naine" (variété hybride), fruit vert, pur jus filtré, prélevée à la Martinique;31.9;0.67;6.34;0.26;0.8
Mandarine commune, chair sans peau, sans pépins, au sirop, appertisée, non égouttée, prélevée à la Martinique;71;0;17.4;0;0.7
Mango bassignac, chair sans peau, sans noyau, cru, prélevé à la Martinique;81.68;0.32;18.5;0;3.2
Mangue moussache, chair sans peau, sans noyau, crue, prélevé à la Martinique;92.72;1.28;20.9;0;2
Mangue julie, chair sans peau, sans noyau, crue, prélevée à la Martinique;81.64;0.71;18.3;0;2.8
Mangue verte, chair sans peau, sans noyau, crue, prélevée à la Martinique;60.84;1.31;12.2;0;3.4
Melon, chair sans peau, sans pépins, cru, prélevé à la Martinique;4.74;1.08;0;0.05;0
Orange (variété locale), chair sans peau, sans pépins, prélevée à la Martinique;8.43;0.6;0;0.67;0
Orange amère, chair sans peau, sans pépins, crue, prélevée à la Martinique;6.79;0.73;0;0.43;0
Pastèque, chair sans peau, sans pépins, crue, prélevée à la Martinique;5.42;0.77;0;0.26;0
Pomme cajou, chair et peau, crue, prélevée à la Martinique;4.15;0.79;0;0.11;0
Pomme cannelle, chair sans peau, sans pépins, crue, prélevée à la Martinique;11.05;1.48;0;0.57;0
Pomme d'eau ou pomme malaca, chair sans peau, sans noyau, crue, prélevée à la Martinique;1.97;0.44;0;0.02;0
Pomme liane, chair sans peau, avec pépins, crue, prélevée à la Martinique;5.5;0.88;0;0.22;0
Prune de cythère, chair et peau, avec pépins, mûre, crue, prélevée à la Martinique;2.43;0.54;0;0.03;0
Prune de cythère, chair et peau, avec pépins, verte ou immature, crue, prélevée à la Martinique;3.03;0.6;0;0.07;0
Fruit du jacquier ou jacque, chair sans peau, cru, prélevé à la Martinique;9.81;1.98;0;0.21;0
Fruit du jacquier ou jacque, chair sans peau, cru;98.04;1.72;20.6;0.64;1.5
Datte du désert, chair et peau, sans noyau, crue;139.3;1.5;31.3;0.1;3.6
Dourian ou durian, chair sans peau, sans noyau, cru;154.65;1.47;23.3;5.33;3.8
Kaki de brousse, fruit, cru;79.63;0.58;17.1;0.19;3.6
Kumquat, chair et peau, sans pépin, cru;66.66;1.88;9.6;0.86;6.5
Longan, chair sans peau, sans noyau, cru;64.34;1.31;14;0.1;1.1
Nèfle du Japon, chair et peau, sans noyau, crue;48.1;0.43;9.9;0.2;1.7
Prune violette, sans noyau, crue;46.4;0.8;9.6;0.1;1.94
Pamplemousse chinois, chair sans peau, sans pépins, cru;38.4;0.76;7.14;0.04;1
Pomme Golden, chair et peau, crue;54.1;0.25;12.8;0;1.4
Raisin noir Muscat, cru;86.6;0.69;20;0;2.7
Abricot, dénoyauté, sec, moelleux (réhydraté à 35-45%);200;2.31;51.1;0.4;3.5
Abricot au sirop (sans précision sur léger ou classique), appertisé, égoutté (aliment moyen);67.9;0.59;15.5;0;1.4
Macédoine ou cocktail ou salade de fruits, au sirop (sans précision sur léger ou classique), appertisé, égouttée (aliment moyen);64.9;0.25;15.2;0;2
Macédoine ou cocktail ou salade de fruits, au sirop, appertisé, égoutté;71.3;0.25;16.8;0;2.1
Macédoine ou cocktail ou salade de fruits, au sirop, appertisé, non égoutté;74.8;0.25;17.8;0;1.26
Macédoine ou cocktail ou salade de fruits, au sirop léger, appertisé, égoutté;59.1;0.25;13.7;0;1.9
Macédoine ou cocktail ou salade de fruits, au sirop léger, appertisé, non égoutté;59.7;0.25;14;0.06;1.18
Abricot au sirop léger, appertisé, égoutté;61.1;0.94;13.5;0;1.4
Abricot au sirop léger, appertisé, non égoutté;62.5;0.81;14;0.04;0.83
Abricot au sirop, appertisé, égoutté;69.6;0.5;16;0;1.4
Abricot au sirop, appertisé, non égoutté;69.7;0.29;16.3;0;0.81
Ananas au jus d'ananas, appertisé, égoutté;56;0.25;12.9;0;1.4
Ananas au jus d'ananas, appertisé, non égoutté;55;0.25;12.9;0;0.92
Ananas au sirop léger, appertisé, égoutté;65.8;0.25;15.3;0;1.6
Ananas au sirop léger, appertisé, non égoutté;66.5;0.25;15.6;0.08;1.01
Litchi, chair sans peau, sans noyau,  au sirop léger, appertisé, égoutté;62.8;0.63;14.3;0.19;1.1
Pêche, sans noyau, au sirop léger, appertisée, égouttée;59;0.5;13.5;0;1.5
Pêche, sans noyau, au sirop léger, appertisée, non égouttée;60;0.31;14;0.04;0.92
Poire au sirop léger, appertisée, égouttée;63.9;0.25;13.9;0.4;2.6
Poire au sirop léger, appertisée, non égouttée;62.6;0.3;14.5;0.12;1.23
Melon miel ou melon honeydew, chair sans peau, sans pépins, cru;22.2;0.54;4.3;0.14;0.8
Fruit séché (aliment moyen);267;2.13;61.3;0.56;6.43
Fruits rouges, crus (framboises, fraises, groseilles, cassis);45.5;1;7;0.5;4.5
Coulis de fruits rouges (framboises, fraises, groseilles, cassis);124;0.63;27.7;0.5;1.8
Fruit cru (aliment moyen);56.6;0.69;12.1;0.26;1.98
Chevreuil, viande rôtie/cuite au four;174;32.6;0;4.8;0
Sanglier, viande crue;150;21.5;0;7.14;0
Sanglier, viande rôtie/cuite au four;153;28.3;0;4.38;0
Lièvre, viande crue;111;21.6;0;2.67;0
Chevreuil, viande crue;110;23;0;2;0
Cerf, viande crue;114;23;0;2.42;0
Cerf, viande rôtie/cuite au four;150;30.2;0;3.19;0
Gibier à poil, cuit (aliment moyen);160;30.2;0;4.36;0
Amande, avec peau, sans sel ajouté;615;18.8;9.51;51.3;12.5
Cacahuète, sans sel ajouté;623;22.8;14.8;49.1;8.6
Cacahuète, grillée, salée;635;22.9;14.2;50.8;8.08
Noisette, sans sel ajouté;632;14.4;7.16;56.9;11.6
Noix, cerneau, séchée;709;13.3;6.88;67.3;6.7
Noix de coco, chair, fraîche;369;3.47;4.69;34.7;10.6
Noix de coco, chair, sèche;692;6.83;7.81;66.8;13.7
Noix du Brésil ou noix d'Amazonie, sans sel ajouté;701;14.3;4.23;67.1;7.5
Pistache, grillée, salée;617;18.9;15.9;49.5;9.32
Sésame, graine;606;17.7;12.8;49.7;11.8
Tournesol, graine;653;21.3;10.1;55.5;6.4
Crème de marron ou confiture de châtaigne, préemballée;278;0.95;65.9;0.66;2.28
Noix de coco, amande immature, fraîche;360;3.33;6.22;33.5;9
Purée de marrons, appertisée;102;2.28;22.8;0;0
Mélange apéritif de graines salées et fruits séchés;583;16.9;23.7;44.1;5.86
Mélange apéritif de graines salées et raisins secs;561;16.6;27.1;39.6;8.4
Noix de cajou, grillée, salée;632;15.2;26.7;49.5;3.85
Châtaigne, bouillie/cuite à l'eau;123;2;23;1.38;4.5
Châtaigne, grillée;211;3.34;41.1;1.7;7.1
Châtaigne, crue;189;2.02;36.8;1.76;8.1
Pignon de pin;712;13.7;2.93;68.4;10
Noix de pécan, sans sel ajouté;727;9.17;4.25;72;9.6
Noix de macadamia, sans sel ajouté;757;7.91;5.22;75.8;8.6
Graine germée de luzerne, crue;29.2;3.38;0.81;0.69;1.9
Graine germée de radis, fraîche, crue;35.69;3.23;0;2.53;0
Luzerne, graine;426;29.7;39.3;12.6;7.9
Noisette grillée, sans sel ajouté;684;14.4;8.81;62.4;9.4
Lin, graine;528;19;6.49;40.3;24.4
Sésame, graine décortiquée;620;20.4;10.3;51;11.6
Cacahuète, grillée à sec, salée;615;21.6;17.9;47.7;7.4
Sésame, grillé, graine décortiquée;582;17;9.14;48;16.9
Châtaigne ou marron, appertisé;145;1.96;28.8;1.4;4
Amande, émondée, sans sel ajouté;631;21.4;8.76;52.5;9.9
Amande, grillée, salée;647;20;12.2;53.9;8.46
Noix de macadamia, grillée, salée;724;7.04;9.95;70.2;9.5
Pistache, grillée, sans sel ajouté;631;18.4;14.9;51.6;10.2
Tournesol, graine, grillé, salé;626;21.2;12.7;51;8.3
Noix de pécan, salées;731;10.2;5;73;3
Chia, graine, séchée;454;16.5;7.72;30.7;34.4
Mélange apéritif de graines et fruits séchés, sans sel ajouté;493;8.29;51;26.3;6.36
Mélange apéritif de graines et raisins secs, sans sel ajouté;541;12.5;31.8;37.2;9.6
Noisette grillée, salée;664;13.4;7.67;61.2;9.43
Lin, brun, graine;533;18;3.56;42.2;26.9
Cacahuète, grillée, sans sel ajouté;644;23.5;14.4;51.9;5.7
Noix de cajou, grillée, sans sel ajouté;618;17.4;21.3;48.1;8.4
Noix de cajou, grillée à sec, sans sel ajouté;630;17.4;23.5;49;5.7
Cacahuète, grillée, aromatisée;598;22.8;14.6;46.6;7.8
Cacahuète caramélisée ou chouchou;544;12.9;51.4;29.7;6.1
Mélange apéritif de graines grillées, salées;637;18.6;9.69;54.7;10.5
Amande, grillée, salée, goût fumé;629;18.6;9.01;54;8.25
Chanvre ou chènevis, graine décortiquée;617;30.8;5.38;48.8;4
Courge, graine, séchée;618;29.5;5.39;49.1;6
Fruits à coques et cacahuète, salé (aliment moyen);630;20.4;17.6;50.1;7.13
Fruits à coques et cacahuète, sans sel ajouté (aliment moyen);632;15.5;10.5;55;10.7
Pâte d'amande, préemballée;432;5.8;70.3;13.5;2.8
Beurre de cacahuète ou pâte d'arachide;643;22.2;17.3;51.4;5
Tahin ou purée de sésame;631;17.7;13.8;53.4;7
Huile ou beurre de cacao;900;0;0;100;0
Huile ou graisse de coco, sans précision;897;0;0.41;99.5;0
Huile ou graisse de coco, vierge;899;0.16;0;99.9;0
Huile ou graisse de coco (coprah), raffinée;900;0;0;100;0
Matière grasse ou graisse végétale solide (type margarine) pour friture ou graisse à frire;898;0.25;0;99.8;0
Huile ou beurre de karité;900;0;0;100;0
Huile pour friture, sans précision;900;0;0;100;0
Huile de palme, raffinée;900;0;0;100;0
Huile ou graisse de palmiste, sans précision;900;0;0;100;0
Beurre à 80% MG minimum, doux;753;0.64;0.71;83;0
Huile de beurre ou beurre concentré;900;0.28;0;99.9;0
Beurre à 80% MG, demi-sel;725;0.75;0.5;80;0
Beurre à 80% MG, salé;732;0.5;0.68;80.8;0
Beurre à 80% MG minimum, doux, tendre;755;0.7;0.5;83.4;0
Beurre à 60-62% MG, à teneur réduite en matière grasse, doux;550;0.56;0.7;60.6;0
Beurre à 60-62% MG, à teneur réduite en matière grasse, demi-sel;555;0.92;0.5;61;0
Beurre ou assimilé allégé (léger ou à teneur réduite en matière grasse), doux (aliment moyen);367;0.34;3.7;39.1;0
Beurre sans précision sur la teneur en matière grasse (allégé ou non), demi-sel (aliment moyen);712;0.75;0.53;78.6;0
Beurre ou assimilé sans précision sur la teneur en matière grasse, doux (aliment moyen);731;0.63;0.88;80.5;0
Beurre à 39-41% MG, léger, doux;390;0.26;3.6;41.7;0
Beurre à 39-41% MG, léger, demi-sel;376;0;4;40;0
Saindoux;900;0;0;100;0
Lard gras, cru;810;2.92;0;88.7;0
Graisse de poulet;898;0;0;99.8;0
Graisse de canard;898;0;0;99.8;0
Graisse d'oie;898;0;0;99.8;0
Graisse de dinde;898;0;0;99.8;0
Matière grasse tartinable à teneur en MG <= 41%, doux, aux stérols végétaux;321.2;0.25;1.3;35;0
Matière grasse tartinable à teneur en MG > 62%, doux, riche en oméga 3;616;0;0;67.7;3.6
Matière grasse tartinable à teneur en MG > 62%, doux, standard;650;0.02;0.09;72.1;0.13
Matière grasse tartinable à teneur en MG > 41% et <= 62%, doux, standard;540;0.25;0.14;60;0
Matière grasse tartinable à teneur en MG <= 41%, doux, standard;366;1.44;2.94;38.6;0
Matière grasse tartinable à teneur en MG > 62%, demi-sel, standard;630;0.25;0;70;0
Matière grasse tartinable à teneur en MG > 41% et <= 62%, demi-sel, standard;516;0;0.34;57.3;0
Matière grasse tartinable à teneur en MG > 41% et <= 62%, doux, aux stérols végétaux;547;0.25;0;60.8;0
Matière grasse tartinable à teneur en MG > 41% et <= 62%, doux, riche en oméga 3;508;0.08;0.12;56.4;0.09
Matière grasse tartinable à teneur en MG > 41% et <= 62%, demi-sel, riche en oméga 3;506;0;0;56.3;0
Matière grasse tartinable à teneur en MG <= 41%, demi-sel, aux stérols végétaux;321;0.25;1.4;35;0
Matière grasse tartinable à teneur en MG <= 41%, doux, riche en oméga 3;308;0;0.4;34;0
Matière grasse tartinable à teneur en MG <= 41%, demi-sel, standard;356;0.75;2.8;38;0
Matière grasse tartinable, sans précision sur la teneur en matière grasse, doux, standard (aliment moyen);557;0.31;0.43;61.7;0.04
Matière grasse tartinable, sans précision sur la teneur en matière grasse, demi-sel, standard (aliment moyen);502;0.12;0.66;55.5;0
Matière grasse tartinable, sans précision sur la teneur en matière grasse, doux, riche en oméga 3 (aliment moyen);501;0.08;0.13;55.6;0.09
Matière grasse laitière à 15-25% MG, légère, "à tartiner", doux, enrichie en vitamine(s);197;0.25;6.2;19.1;0
Huile végétale (aliment moyen);899;0.18;0.03;99.9;0
Huile de noyaux d'abricot;900;0;0;100;0
Huile d'amande;900;0;0;100;0
Huile d'arachide;899;0.25;0;99.9;0
Huile d'avocat;900;0;0;100;0
Huile de germe de blé;900;0;0;100;0
Huile de colza;900;0;0;100;0
Huile de coton;900;0;0;100;0
Huile de lin;900;0;0.02;100;0
Huile de maïs;900;0;0;100;0
Huile de noisette;900;0;0;100;0
Huile de noix;900;0;0;100;0
Huile d'olive vierge extra;899;0.25;0;99.9;0
Huile de pavot;900;0;0;100;0
Huile de pépins de raisin;900;0;0;100;0
Huile de son de riz;900;0;0;100;0
Huile de sésame;900;0;0;100;0
Huile de soja;900;0;0;100;0
Huile de tournesol;900;0.25;0;100;0
Huile de foie de morue;900;0;0;100;0
Huile de sardine;900;0;0;100;0
Huile de saumon;900;0;0;100;0
Huile de hareng;900;0;0;100;0
Huile combinée (mélange d'huiles);897;0;0.49;99.5;0
Huile combinée, mélange d'huile d'olive et de graines;900;0;0;100;0
Huile de chanvre;900;0;0;100;0
Huile d'argan ou d'argane;889;0;0;98.7;0
Boisson gazeuse aromatisée, sans fruit, sans sucres ajoutés, avec édulcorants;0.23;0;0.06;0;0
Café, moulu;341;13.9;20.3;13.9;39.7
Café, non instantané, sans sucres ajoutés, prêt à boire;5.78;0.25;1.35;0.02;0
Café, poudre soluble;291;18.5;41.9;1.1;20
Cocktail ou boisson apéritive sans alcool à base de jus de fruits sans sirop;42.8;0.03;10.7;0.04;0.15
Eau minérale, embouteillée, faiblement minéralisée (aliment moyen);0;0;0;0;0
Limonade, sucrée;33;0;8.24;0;0.14
Eau de coco;11.8;0.21;3.33;0;0
Boisson à l'eau minérale ou de source, aromatisée, sucrée;16.2;0;4.05;0;0.11
Tonic ou bitter, sans sucres ajoutés, avec édulcorants;0.2;0;0.06;0;0
Tonic ou bitter, sucré, avec édulcorants;22.2;0;5.54;0;0
Boisson au thé, aromatisée, sucrée, avec édulcorants;17.1;0.03;4.25;0.02;0.08
Limonade, sucrée, avec édulcorants;8;0;2;0;0
Sirop à diluer, sucré;252;0.25;62.5;0;0
Cola, sucré;40.1;0;10;0;0
Boisson gazeuse aux fruits (teneur en fruits >= 10% et < 50%), sucrée;46.4;0.03;11.3;0.01;0.04
Thé infusé, sans sucres ajoutés;0.4;0.1;0;0;0
Boisson plate aux fruits (teneur en fruits < 10%), sans sucres ajoutés, avec édulcorants;4.07;0.06;0.96;0;0
Tisane infusée ou infusion, sans sucres ajoutés;0.8;0;0.2;0;0
Boisson plate aux fruits (teneur en fruits < 10%), sucrée;25.6;0.13;6.39;0.11;0
Boisson plate aux fruits (teneur en fruits >= 10% et < 50%), sucrée, avec édulcorants;23.3;0.06;5.83;0.06;0
Kombucha, préemballé;6.61;0.25;1.45;0;0
Boisson gazeuse aromatisée, sans fruit, sucrée;34.5;0;8.28;0.04;0.02
Boisson à l'eau minérale ou de source, aromatisée, sans sucres ajoutés, sans édulcorants;0.1;0;0.03;0;0
Boisson rafraîchissante sans alcool (aliment moyen);27.9;0.06;6.86;0.02;0.06
Boisson à l'eau minérale ou de source, aromatisée, sans sucres ajoutés, avec édulcorants;0;0;0;0;0
Boisson gazeuse aux fruits (teneur en fruits < 10%), sucrée, avec édulcorants;27.2;0;6.79;0;0.01
Boisson gazeuse aux fruits (teneur en fruits >= 10% et < 50%), sucrée, avec édulcorants;28.1;0.02;6.92;0;0.15
Limonade, sans sucres ajoutés, avec édulcorants;0.48;0;0.12;0;0.15
Cola, sucré, avec édulcorants;24.3;0;6.07;0;0.21
Diabolo (limonade et sirop), sucré;33.9;0.06;8.43;0;0.1
Lait de coco;199;1.94;4.29;19.2;0.75
Eau minérale (aliment moyen);0.02;0;0.01;0;0
Eau minérale, embouteilée, plate (aliment moyen);0.03;0;0.01;0;0
Eau minérale, embouteilée, gazeuse (aliment moyen);0.02;0;0;0;0
Boisson gazeuse aux fruits (teneur en jus non spécifiée), sucrée (aliment moyen);44.6;0.03;10.9;0.01;0.04
Boisson gazeuse aux fruits (teneur en fruits < 10%), sucrée;33.6;0.01;8.36;0.01;0
Boisson gazeuse aux fruits (teneur en fruits < 10%), à teneur réduite en sucres;28.7;0.01;7.15;0.1;0.02
Boisson gazeuse aux fruits (teneur en fruits >= 10% et < 50%), sans sucres ajoutés, avec édulcorants;3.69;0.03;0.91;0.02;0
Boisson préparée à partir de boisson concentrée à diluer type menthe, fraise, etc, sans sucres ajoutés, avec édulcorants, type "sirop 0%", diluée dans l'eau;6;0.25;1.5;0;0
Boisson préparée à partir de sirop à diluer type menthe, fraise, etc, sucré, dilué dans l'eau;31.2;0.06;7.7;0;0
Boisson concentrée à diluer, sans sucres ajoutés, avec édulcorants, type "sirop 0%";19.5;0.25;3.79;0;0.7
Cola, sans sucres ajoutés, avec édulcorants;1.04;0;0.25;0;0
Boisson au thé, aromatisée, sans précision sur la teneur en sucres et édulcorants (aliment moyen);21.1;0.02;5.26;0;0.12
Cola, sans précision sur la teneur en sucres et édulcorants (aliment moyen);27.5;0.01;6.88;0.01;0.02
Boisson au thé, aromatisée, à teneur réduite en sucres;14.9;0;3.75;0;0.06
Boisson au thé, aromatisée, sans sucres ajoutés, avec édulcorants;0.53;0;0.22;0;0.08
Cola, sucré, sans caféine;40.9;0.05;10.2;0.05;0
Cola, sans sucres ajoutés, avec édulcorants, sans caféine;0.06;0.08;0.13;0.08;0
Café, décaféiné, poudre soluble;352;11.6;76;0.2;0
Café décaféiné, non instantané, sans sucres ajoutés, prêt à boire;4.42;0.1;0.6;0.18;0
Café expresso, non instantané, sans sucres ajoutés, prêt à boire;6.54;0.25;1.16;0.2;0
Café décaféiné, instantané, sans sucres ajoutés, prêt à boire;2.1;0.12;0.4;0;0
Café, instantané, sans sucres ajoutés, prêt à boire;1.64;0.1;0.3;0;0
Boisson au thé, aromatisée, sucrée;23.2;0.02;5.78;0;0.13
Thé, feuille;232;19.4;6.3;2;55.8
Boisson gazeuse aromatisée, sans fruit, sucrée, avec édulcorants;22.4;0.01;5.58;0;0.13
Cacao, sans sucres ajoutés, poudre soluble;387;22.4;11.6;20.6;29.5
Poudre cacaotée ou au chocolat pour boisson, sucrée;379;6.65;75.6;3.29;10.5
Poudre maltée, cacaotée ou au chocolat pour boisson, sucrée, enrichie en vitamines et minéraux;402.47;9.9;79.4;5.03;0
Chocolat chaud, boisson instantanée, sucrée, prête à boire (reconstituée avec du lait demi-écrémé);65.9;3.78;9.5;1.42;0
Chocolat chaud, boisson instantanée, sucrée, enrichie en vitamines, prête à boire (reconstituée avec du lait demi-écrémé);71.4;4.08;9.91;1.71;0
Boisson à l'amande, nature, sans sucres ajoutés, non enrichie, préemballée;35.8;1.06;0.68;3.2;0
Boisson à l'amande, sucrée, enrichie en calcium, préemballée;43.9;0.69;3.96;2.8;0
Boisson à l'amande, préemballée (aliment moyen);35.8;1.06;0.68;3.2;0
Boisson végétale, préemballée (aliment moyen);43.6;2.68;2.38;2.33;0.63
Boisson au soja, préemballée (aliment moyen);46.1;3.21;2.93;2.04;0.76
Chicorée et café, poudre soluble;332;9.3;66.9;0.35;12
Café au lait, café crème ou cappuccino, instantané ou non, sans sucres ajoutés, prêt à boire;21.5;1.39;2.31;0.76;0
Chicorée, poudre soluble;323;3.3;57.2;2.5;29.2
Chicorée et café, instantané, sans sucres ajoutés, prête à boire (reconstituée avec du lait demi-écrémé);53.7;3.74;5.9;1.62;0.46
Thé noir, infusé, sans sucres ajoutés;1.26;0;0.3;0.01;0
Thé vert, infusé, sans sucres ajoutés;5.1;0;1.09;0;0
Café au lait ou cappuccino, poudre soluble;416;12.2;70.1;8.8;3.3
Chicorée, instantanée, sans sucres ajoutés, prête à boire (reconstituée avec du lait demi-écrémé);93.5;0;7.1;7.1;0.59
Chicorée et café, instantané, sans sucres ajoutés, prête à boire (reconstituée avec de l'eau);27.8;0.56;6.06;0;0.6
Café au lait ou cappuccino au chocolat, poudre soluble;384;11.2;63;9;3.5
Poudre cacaotée ou au chocolat pour boisson, sucrée, enrichie en vitamines et minéraux;376;4.68;79.3;3.04;6.48
Poudre cacaotée ou au chocolat pour boisson, sucrée, enrichie en vitamines;386;4.29;85;2.04;5.3
Spécialité à diluer au citron pour boissons ou usages culinaires, sans sucres ajoutés;18.4;0.25;1.01;0;0
Boisson plate aux fruits  (teneur en fruits < 10%), sucrée, rayon frais, enrichie en vitamine(s);33.7;0;8.42;0;0
Boisson plate aux fruits  (teneur en fruits >= 10% et < 50%), sucrée, enrichie en vitamine(s);38;0;9.49;0;0.18
Boisson aux fruits avec de la purée de fruits type smoothie (teneur en fruits >=50%), enrichie en vitamine(s);51.3;0.52;11.5;0.45;0.54
Boisson plate aux fruits (teneur en fruits >= 50%), rayon ambiant, enrichie en vitamine(s);45.1;0.22;10.9;0;0.71
Boisson plate aux fruits (teneur en fruits >= 50%), rayon ambiant;41.7;0.19;10;0.11;0.43
Citronnade, boisson plate au citron (teneur en fruits >= 10% et < 50%), sucrée;23.2;0;5.77;0.01;0.19
Boisson aux fruits avec de la purée de fruits type smoothie (teneur en fruits >= 50%), sans sucres ajoutés, rayon frais;67.5;0.8;12.1;1.45;1.4
Boisson plate aux fruits (teneur en fruits >= 10% et < 50%), à teneur réduite en sucres;18.8;0.22;4.71;0.22;0
Boisson plate aux fruits (teneur en fruits >= 10% et < 50%), sans sucres ajoutés;13;0.05;3.18;0.01;0
Boisson à l'aloe vera, sucrée;32.9;0.09;8.11;0;0.07
Boisson plate aux fruits (teneur en fruits non spécifiée), sucrée;45.8;0.1;11.2;0.07;0
Boisson plate au(x) fruits et au(x) légume(s);42.9;0.31;10;0.12;0.67
Kéfir d'eau et de fruits, préemballé;3.6;0.1;0.9;0;0
Boisson énergisante, sans précision sur la teneur en sucres et édulcorants (aliment moyen);35.2;0.1;8.77;0;0.11
Boisson plate aux fruits (teneur en fruits non spécifiée), sans précision sur la teneur en sucres et édulcorants ni sur l'enrichissement (aliment moyen);39.3;0.18;9.38;0.13;0.22
Boisson à l'eau minérale ou de source, aromatisée, sans précision sur la teneur en sucres et édulcorants (aliment moyen);1.88;0;0.47;0;0.09
Limonade, sans précision sur la teneur en sucres et édulcorants (aliment moyen);28.4;0;7.09;0;0.13
Boisson préparée à partir de sirop ou de boisson concentrée à diluer type menthe, fraise, etc, diluée dans l'eau, sans précision sur la teneur en sucres et édulcorants (aliment moyen);29.2;0.07;7.21;0;0
Boisson gazeuse aromatisée, sans fruit, sans précision sur la teneur en sucres et édulcorants (aliment moyen);27.6;0.01;6.87;0.01;0.04
Boisson plate aux fruits (teneur en fruits >= 10% et < 50%), sucrée;41.1;0.13;9.92;0.14;0.19
Boisson gazeuse aux fruits (teneur en fruits < 10%), sans sucres ajoutés, avec édulcorants;2.06;0.06;0.45;0;0
Boisson gazeuse à la pomme (teneur en fruits >= 50%), sans sucres ajoutés;30;0;7.5;0;0
Boisson au(x) fruit(s) et au lait;47.7;0.68;10.7;0.04;0.53
Tonic ou bitter, sucré;33.1;0;8.27;0;0.14
Boisson gazeuse aux fruits (teneur en fruits < 10%), sans sucres ajoutés, sans édulcorants;16.7;0;4.17;0;0
Boisson à la sève de bouleau;2.8;0.06;0.7;0.06;0
Boisson pour le sport, sucrée;21.7;0;5.41;0;0
Boisson pour le sport, sucrée, avec édulcorants;19.3;0;4.82;0;0
Boisson énergisante, sucrée;40.9;0.1;10.2;0;0.11
Boisson énergisante, sans sucres ajoutés, avec édulcorants, enrichie en vitamines;8.57;0.11;2.06;0.01;0.13
Boisson énergisante, sucrée, avec édulcorants;27.6;0.04;6.86;0;0.13
Tonic ou bitter, sans précision sur la teneur en sucres et édulcorants (aliment moyen);28.8;0;7.21;0;0.15
Boisson à l'avoine, nature, sans sucres ajoutés, non enrichie, préemballée;41;0.25;7.78;1.1;0
Boisson au soja, nature, non enrichie, préemballée;42.4;3.19;1.87;2.1;0.71
Boisson au soja, nature, enrichie en calcium, préemballée;44.2;3.42;2.18;2.05;1
Boisson au soja, aromatisée, sucrée, non enrichie, préemballée;61.9;3.08;7.54;1.8;0.73
Boisson au soja, aromatisée, sucrée, enrichie en calcium, préemballée;43.2;3.01;2.89;1.8;1.1
Boisson au riz, nature, préemballée;52.2;0.23;10.8;1;0
Boisson à la châtaigne, nature, préemballée;67.9;0.21;13.5;1.4;0.61
Boisson à la noix de coco, nature, préemballée;29.9;0.21;2.75;2.1;0
Lait de grand mélange, en vrac;64.4;3.28;4.65;3.66;0
Lait entier, cru;39.6;0;0;4.4;0
Lait de croissance infantile, liquide (aliment lacté destiné aux enfants en bas âge);60.9;1.28;7.77;2.71;0
Lait 1er âge, prêt à consommer (préparation pour nourrissons);71.3;1.21;8.04;3.79;0
Lait 2e âge, prêt à consommer (préparation de suite);65.1;1.21;8.23;2.9;0.5
Lait infantile pour prématurés, prêt à consommer;423.4;0;48.5;24.7;3.55
Lait entier (aliment moyen);63.9;3.42;4.78;3.49;0
Lait en poudre, entier;508;26.6;42;26.2;0
Lait entier, UHT;64.6;3.46;4.77;3.55;0
Lait entier, pasteurisé;61.8;3.3;4.8;3.3;0
Lait concentré sans sucres ajoutés, entier;119;6.44;9.91;5.9;0
Lait concentré sucré, entier;327;7.7;56.5;7.87;0
Lait demi-écrémé (aliment moyen);47.5;3.46;4.97;1.55;0
Lait demi-écrémé, UHT, enrichi en vitamine D;46.6;3.38;4.8;1.52;0
Lait à 1,2% MG, UHT, enrichi en vitamines;44.1;3.38;4.79;1.25;0
Lait, sans précision sur la teneur en matière grasse, UHT (aliment moyen);47.7;3.48;4.97;1.57;0
Lait demi-écrémé, UHT;47.7;3.48;5;1.56;0
Lait demi-écrémé, pasteurisé;46.4;3.19;4.9;1.54;0
Lait en poudre, demi-écrémé;459;31.5;43.4;17.5;0
Lait écrémé, UHT;34.4;3.6;5.01;0.02;0
Lait écrémé, pasteurisé;32.7;3.37;4.7;0.08;0
Lait en poudre, écrémé;361;35.3;54;0.7;0
Lait demi-écrémé (ou à teneur en matière grasse légèrement inférieure), UHT,  à teneur réduite en lactose;44.4;3.45;4.69;1.29;0
Boisson lactée aromatisée à la vanille, sucrée, au lait partiellement écrémé, enrichie en vitamine D;57.4;2.04;11;0.6;0
Boisson lactée aromatisée au café, sucrée, au lait partiellement écrémé, enrichie en vitamine(s) et/ou minéraux;50.6;2.96;8.9;0.38;0
Boisson lactée aromatisée au café, sucrée, au lait partiellement écrémé, non enrichie;70.3;3.12;8.84;2.33;0.88
Boisson lactée aromatisée au chocolat, sucrée, au lait partiellement écrémé, non enrichie;72.8;3.49;11;1.58;0.5
Boisson lactée aromatisée au chocolat, sucrée, au lait partiellement écrémé, enrichie en vitamine(s) et/ou minéraux;66.5;3.02;10.8;1.15;0.58
Boisson lactée aromatisée (sans précision sur l'arôme), sucrée, au lait partiellement écrémé, enrichie et/ou restaurée en vitamine(s) et/ou minéraux (aliment moyen);61;2.65;10.7;0.84;0.2
Boisson lactée aromatisée à la fraise, sucrée, au lait partiellement écrémé, enrichie en vitamine D;58.8;2.53;10.7;0.72;0.03
Lait de chèvre, entier, UHT;64.6;2.96;4.2;4.02;0
Lait de chèvre, demi-écrémé, UHT;45.8;3.77;4.13;1.57;0
Lait de chèvre, entier, cru;57.4;3.22;4.01;3.2;0
Lait de jument, entier;50;2.41;6.22;1.73;0
Lait de brebis, entier;103;5.68;4.5;6.97;0
Lait de bufflesse, entier;86.55;0;5.1;7.35;0
Crème ou spécialité à base de crème légère, sans précision sur la teneur en matière grasse (aliment moyen);248;2.45;2.86;25;0.93
Crème ou spécialité à base de crème légère, sans précision sur la teneur en matière grasse, fluide (aliment moyen);244;2.49;3.97;24.2;0
Crème ou spécialité à base de crème légère, sans précision sur la teneur en matière grasse, épaisse ou semi-épaisse (aliment moyen);165;2.67;4.53;14.7;0.96
Crème 30% MG, épaisse, rayon frais;285;2.32;1.38;29.9;0
Crème d'Isigny, >= 35% MG;382;2.55;3;40;0
Crème 30% MG, semi-épaisse, UHT;294;2.49;1.94;30.7;0
Crème 30% MG, fluide, UHT;293;2.2;3.69;30;0
Crème chantilly, sous pression, UHT;305;2.11;10.6;28.2;0
Crème 12 à 25% MG, légère, semi-épaisse, UHT;189;2.78;4.34;17.6;1.5
Crème 12 à 25% MG, légère, épaisse, rayon frais;162;2.65;4.55;14.4;0.9
Spécialité à base de crème légère 4-5% MG, fluide ou épaisse;75;3.06;4.5;5;0
Spécialité à base de crème légère 4% MG environ, fluide ou épaisse;73.2;3.25;5.28;4.3;0
Spécialité culinaire à base de crème et d'aromates 19% MG, à cuisiner;195;3.06;3;19;0
Spécialité culinaire à base de crème légère et d'aromates 12% MG, à cuisiner;128;3.06;2;12;0
Crème 12 à 20% MG, légère, fluide, rayon frais;173;2.96;4.3;16;0
Fromage de chèvre pané à dorer, préemballé;284.4;12.9;15;19.2;0
Lait fermenté à boire, aromatisé, avec édulcorants, allégé en sucres, 0% MG, au L Casei;27.5;2.9;3.64;0.1;0.35
Fromage blanc, nature ou aux fruits (aliment moyen);80;7.02;6.34;2.83;0.02
Lait fermenté ou yaourt à boire, aromatisé, sucré;65.9;3.16;10.7;0.89;0.14
Lait fermenté à boire, aromatisé, sucré, au L Casei;69.7;3.06;10.8;1.6;0.03
Lait fermenté ou yaourt à boire, aromatisé, sucré, enrichi en vitamine D;73.3;2.98;12.3;1.39;0.08
Lait fermenté ou yaourt à boire, aux fruits, sucré;84.6;2.91;11.9;2.49;0.08
Lait fermenté ou yaourt à boire, aux fruits, sucré, enrichi en vitamine D;74;2.9;12.4;1.42;0.1
Lait fermenté à boire, nature, sucré, au L Casei;69.6;3.06;10.8;1.6;0
Lait fermenté type yaourt au bifidus, aromatisé, sucré;86.5;3.85;10.8;2.81;0.75
Lait fermenté type yaourt au bifidus, aux fruits, 0% MG, avec édulcorants;48.1;4.67;6.71;0.09;1.08
Lait fermenté type yaourt au bifidus, aux fruits, sucré;87.7;3.76;10.8;2.83;0.7
Lait fermenté type yaourt aux esters de stérol, aux fruits, 0% MG, avec édulcorants;47;3.88;6.6;0.5;0.45
Lait fermenté type yaourt au bifidus, nature, 0% MG;42.9;4.39;5.75;0.3;0
Lait fermenté type yaourt au bifidus, nature;92.3;6.35;10.8;2.38;0
Yaourt à la grecque nature, au lait de brebis;124;4.82;4.28;9.78;0
Lait fermenté à boire, aromatisé, sucré,  enrichi en vitamine D, au L Casei;73.3;2.84;12.1;1.53;0
Yaourt à la grecque sur lit de fruits, sucré;126;2.34;14.4;6.53;0.27
Yaourt au lait de brebis, aromatisé, sucré;93.1;5.04;9.16;3.7;0.17
Yaourt au lait de brebis, nature, 3% MG environ;66.5;5.61;3.48;3.01;0.13
Yaourt au lait de brebis, sur lit de fruits, sucré;112;4.34;15.2;3.73;0.47
Yaourt au lait de chèvre, nature;74.4;4.28;2.53;4.9;0.25
Yaourt ou lait fermenté, sur lit de fruits, sucré;97.6;4.08;14;2.77;0.3
Yaourt ou lait fermenté, aromatisé, 0% MG, avec édulcorants;54.4;5.09;7.73;0.06;0
Fromage frais type petit suisse, aromatisé chocolat, sucré;165;4.21;22.5;6.48;0.2
Yaourt ou lait fermenté, aromatisé, 0% MG, avec édulcorants, enrichi en vitamine D;52.3;4.58;7.75;0.39;0
Yaourt ou lait fermenté, aromatisé, sucré;86.1;3.15;12.7;2.25;0.02
Yaourt ou lait fermenté, aromatisé, à la crème, sucré;123;2.98;13;6.59;0.01
Yaourt ou lait fermenté, aromatisé, sucré, enrichi en vitamine D;71.4;3.16;11.7;1.06;0.07
Yaourt ou lait fermenté, aux céréales;111;3.64;16;3.43;1
Yaourt ou lait fermenté, aux copeaux de chocolat, à la crème, sucré;126;3.62;14.9;5.52;0.2
Yaourt ou lait fermenté, aux fruits, 0% MG, avec édulcorants;45.1;4.38;5.66;0;0.7
Yaourt ou lait fermenté, aux fruits, 0% MG, avec édulcorants, enrichi en vitamine D;45.5;4.31;6;0;0.6
Mascarpone;369;6;3.1;37;0
Ricotta;145.18;8.13;4.09;10.7;0
Yaourt ou lait fermenté, aux fruits, sucré;88.9;3.23;12.6;2.41;0.6
Yaourt ou lait fermenté, aux fruits, à la crème, sucré;113;2.73;13.4;5.1;0.14
Mozzarella au lait de vache;227;16.5;0.7;17.7;0
Mozzarella au lait de bufflonne ou buflesse ("di bufala");260;14.5;0.18;22.3;0.06
Yaourt ou lait fermenté, aux fruits, sucré, enrichi en vitamine D;89.5;3.32;12.3;2.65;0.2
Yaourt ou lait fermenté, nature;50.1;3.83;4.26;1.68;0
Yaourt ou lait fermenté, nature, 0% MG;39.1;4.16;4.89;0;0.03
Yaourt ou lait fermenté, nature, 0% MG, enrichi en vitamine D;38.5;4.58;4.86;0.19;0.12
Yaourt ou lait fermenté, nature, à la crème;107;3.22;3.8;8.5;0
Yaourt ou lait fermenté, nature, sucré;81.7;2.92;10.7;2.81;0.03
Yaourt ou lait fermenté, nature, sans précision sur teneur en matière grasse et sucre (aliment moyen);62.3;3.93;5.85;2.3;0.03
Yaourt ou lait fermenté, nature ou aux fruits (aliment moyen);72.9;3.7;7.98;2.6;0.18
Yaourt ou lait fermenté, aux fruits (aliment moyen);91.2;3.29;11.7;3.12;0.43
Faisselle au coulis de fruits;93;3.57;8.5;5;0
Faisselle, 0% MG;36.8;4.52;4.65;0.05;0.08
Faisselle, 6% MG environ;83.6;4.47;3.36;5.5;0.21
Fromage blanc et crème fouettée, sur lit de fruits, sucré;145;4.59;16;7;0
Fromage blanc, nature, 0% MG;48.4;7.34;4.22;0;0.04
Fromage blanc, nature, 0% MG, enrichi en vitamine D;49.6;7.57;4.76;0.1;0
Fromage blanc, nature, 2-3% MG;75.7;7.28;3.86;3.23;0.02
Fromage blanc, nature, 2-3% MG, enrichi en vitamine D;75.5;6.3;4.87;3.12;0.03
Fromage blanc et crème fouettée, nature;133;6.72;3.8;9.94;0
Fromage blanc ou spécialité laitière, aux copeaux de chocolat, 7-8% MG, sucré;152;6.1;16.3;6.93;0.1
Fromage blanc ou spécialité laitière, aux fruits, 0% MG, sucré;80.3;7.42;12.8;0;0
Fromage blanc ou spécialité laitière, aux fruits, 2-3% MG, sucré;98.3;6.15;12;2.86;0.28
Fromage blanc ou spécialité laitière, aux fruits, 6-7% MG, sucré;139;5.57;14.4;6.55;0.34
Fromage blanc ou spécialité laitière, sur lit de fruits, 7-8% MG, sucré;129;4.13;12.8;6.91;0
Fromage frais type petit suisse, nature, 0% MG;56.5;9.9;4.2;0.1;0
Fromage frais type petit suisse, nature, 4% MG environ;88;9.71;3.11;3.9;0
Mousse de fromage blanc sur lit de fruits, 0% MG, avec édulcorants, enrichie en calcium et vitamine D;56.2;6.48;6;0.45;1.35
Fromage frais type petit suisse, nature, 10% MG environ;137;9.19;2.61;9.89;0.78
Spécialité laitière riche en protéines, sur lit de fruits, sucrée;97.6;7.46;11.5;2.29;0
Yaourt ou lait fermenté, aromatisé ou aux fruits, 0% MG (aliment moyen);47.2;4.54;6.14;0.05;0.54
Yaourt ou lait fermenté, aromatisé ou aux fruits, non allégé en matière grasse (aliment moyen);91.6;3.15;12.5;2.92;0.23
Crème dessert, allégée en matière grasse, rayon frais;78.2;3.66;12.6;1.1;1.5
Flan aux oeufs, rayon frais;113;4.23;17.7;2.74;0.38
Yaourt ou lait fermenté, aromatisé ou aux fruits, avec édulcorants (aliment moyen);47.2;4.54;6.14;0.05;0.54
Yaourt ou lait fermenté, aromatisé ou aux fruits, sucré (aliment moyen);91.9;3.16;12.6;2.94;0.23
Yaourt ou lait fermenté, aromatisé ou aux fruits, non allégé en matière grasse, sucré (aliment moyen);91.8;3.16;12.6;2.94;0.23
Lait emprésuré aromatisé, rayon frais;111;4.65;16;3.03;0.6
Lait gélifié aromatisé, nappé caramel, rayon frais;91.4;2.55;16.8;1.05;2.2
Lait gélifié aromatisé, rayon frais;124;3.39;19.5;3.53;0.52
Liégeois ou viennois (chocolat, café, caramel ou vanille), rayon frais;139;3.09;16.1;6.48;2
Yaourt ou lait fermenté, aromatisé ou aux fruits (aliment moyen);87.5;3.29;11.9;2.65;0.26
Oeufs au lait, rayon frais;124;5.03;14.7;5.08;0
Panna cotta, avec préparations de fruits ou caramel, rayon frais;192;2.69;15.9;12.1;1.44
Spécialité laitière ou dessert lacté, aromatisé, à faible teneur en matière grasse, sucré, avec édulcorants, rayon frais;75.5;3.8;11.9;1.05;1.73
Baba au rhum, rayon frais;174;2.8;28.3;2.35;0.76
Fromage blanc ou spécialité laitière, aux fruits, 0% MG, avec édulcorants, sucré, enrichi en vitamine D;53.7;6.53;6.45;0.1;0.7
Dessert au soja, aux fruits, sucré, enrichi en calcium, fermenté, rayon frais;86.2;2.74;12.9;2.3;0
Dessert au soja, nature, sans sucres ajoutés, non enrichi, fermenté, rayon frais;44.7;3.76;2.05;1.9;0.8
Dessert au soja, nature, sans sucres ajoutés, enrichi en calcium, fermenté, rayon frais;42;3.59;1.1;2.1;0.6
Dessert au soja, aux fruits, sucré, non enrichi, fermenté, rayon frais;78;3.31;11;1.7;1.1
Dessert au soja, aux amandes, sucré, enrichi en vitamines et minéraux, fermenté, rayon frais;56;3.65;2.85;2.8;0.6
Fromage blanc ou spécialité laitière, aromatisé, 0% MG, avec édulcorants, sucré, enrichi en vitamine D;53.7;6.64;6.7;0.1;0
Tiramisu au café, rayon frais;242;4.25;30.2;9.8;1.2
Tiramisu aux fruits, rayon frais;220;3.62;32.1;8.27;1.39
Fromage blanc ou spécialité laitière, aromatisé, 0% MG, avec édulcorants, sucré;47.3;5.72;6;0.05;0.2
Fromage blanc ou spécialité laitière, sur lit de fruits, 0% MG, avec édulcorants, sucré, enrichi en vitamine D;52.8;6.43;6;0.4;0
Fromage blanc ou spécialité laitière, sur lit de fruits, 0% MG, avec édulcorants, sans sucres ajoutés, enrichi en vitamine D;53;6.91;5.63;0.17;1.7
Fromage blanc ou spécialité laitière, aromatisé, 0% MG, avec édulcorants, sans sucres ajoutés;45.6;7.66;3.9;0;0
Fromage blanc, nature, 7-8% MG;116;5.55;5.87;7.63;0.05
Fromage blanc, nature, au lait de brebis, 5% MG environ;92.5;6.35;4.29;5.61;0
Fromage blanc, nature, au lait de chèvre, 7% MG environ;98.3;6.55;3.04;6.73;0
Fromage blanc ou spécialité laitière, aromatisé, 0% MG, sucré;76.9;7.01;12.3;0.05;0
Fromage blanc ou spécialité laitière, aromatisé, 2-3% MG, sucré;98.7;6.2;12.8;2.59;0
Fromage blanc, nature, 2-3% MG, sucré;101;7.66;10.9;3.09;0
Fromage blanc ou spécialité laitière, aromatisé, 7-8% MG, sucré;131;5.29;12.8;6.57;0.1
Fromage frais type petit suisse, aux fruits, 2-3% MG, sucré;101;6.39;12.9;2.64;0.07
Fromage frais type petit suisse, aux fruits, 2-3% MG, sucré, enrichi en vitamine D;57.6;3.43;4.68;2.44;0.4
Fromage frais type petit suisse, aromatisé, 2-3% MG, sucré;92.7;5.96;12.3;2.23;0
Fromage frais type petit suisse, aromatisé, 2-3% MG, sucré, enrichi en vitamine D;90.2;4.89;12.2;2.48;0.04
Yaourt ou lait fermenté, nature, enrichi en vitamine D;63.4;4.32;4.4;2.85;0.01
Spécialité laitière riche en protéines, nature;74.5;9.29;3.45;2.7;0
Fromage blanc ou spécialité laitière, sur lit de fruits, 0% MG, sucré;78.6;8.08;11.5;0.09;0.13
Yaourt ou lait fermenté, nature, sucré, enrichi en vitamine D;85.4;3.09;10.9;3.02;0.02
Yaourt au lait de chèvre, aux fruits, sucré;99.9;3.83;11.6;4.29;0
Yaourt au lait de chèvre, sur lit de fruits, sucré;107;3.85;13.2;4.38;0
Yaourt ou lait fermenté, sur lit de fruits, à la crème, sucré;126;2.56;14.2;6.47;0.52
Lait fermenté à boire ou lait ribot, nature, maigre;36.2;3.33;3.87;0.54;0.05
Lait fermenté à boire ou lait ribot, nature, au lait entier;52.7;3.38;1.99;3.2;0
Mousse à la crème de marrons, rayon frais;207;2.17;34.4;6.5;1.1
Yaourt à la grecque nature;103;3.02;3.73;8.16;0.07
Yaourt à la grecque aromatisé, sucré;134;2.39;14.2;7.49;0.15
Tzatziki à base de yaourt, préemballé;138;6.19;3.8;10.9;0
Tzatziki à base de fromage frais, préemballé;132;6.46;2.98;10.2;1.15
Kéfir de lait;61.1;3.19;4.5;3.4;0
Yaourt au lait de brebis, nature, 6% MG environ;98.9;5.42;3.98;6.77;0.49
Poivron, vert, jaune ou rouge, cuit (aliment moyen);33;1.11;5.42;0.33;1.99
Artichaut, cuit;33.2;2.53;0.99;0.28;8.3
Aubergine, cuite;27.1;0.83;4.17;0.23;2.5
Betterave rouge, cuite;41.5;1.44;7.13;0.4;2.5
Bette ou blette, côte (sans feuille), crue;12.8;1;1.63;0;1.8
Bette ou blette, côte (sans feuille), cuite;11.2;0.7;1.23;0;2.5
Carotte, appertisée, égouttée;21.8;0.7;3.29;0.19;1.88
Carotte, crue;30.2;0.78;5.16;0;2.9
Champignon, tout type, cru;24.3;2.42;2.25;0.34;1.63
Champignon, tout type, appertisé, égoutté;24.9;1.87;2.56;0.29;2.4
Salade ou chicorée frisée, crue;26;1.7;2.13;0.3;4
Chou rouge, cru;26.4;1.13;4.33;0;2.8
Chou vert, cuit;24.1;1.03;3.04;0.45;2.4
Chou-fleur, cru;24.9;1.81;2.13;0.7;2.2
Chou-fleur, bouilli/cuit à l'eau;20.9;1.6;1.6;0.46;2
Coeur de palmier, appertisé, égoutté;41.5;2.51;5.5;0.56;2.2
Concombre, chair et peau, cru;16.8;0.65;2.87;0.11;0.5
Courgette, chair et peau, crue;16.7;1.21;1.75;0.32;1
Courgette, chair et peau, cuite;15.5;0.93;1.4;0.36;1.5
Cresson de fontaine, cru;15.5;2.3;1.11;0.1;0.5
Céleri branche, cru;15.4;0.63;2.41;0;2.2
Céleri-rave, cuit;36.5;1.3;4.6;0.86;2.6
Endive, crue;16.6;1.19;2.83;0;1.1
Épinard, cuit;19.6;3.2;0.25;0.14;2.7
Fenouil, cru;18.2;1;2.63;0;2.6
Graine germée de haricot mungo ou pousse de "soja", appertisée, égouttée;22.4;1.48;2.57;0.15;1.8
Haricot vert, cuit;29.4;2;3;0.17;4
Laitue, crue;14.7;1.35;1.22;0.2;1.1
Navet, cuit;25;0.9;3.8;0.2;2.2
Oignon, cru;39;1.1;6.25;0.62;1.7
Oignon, cuit;34.6;1.3;6.2;0.2;1.4
Petits pois, appertisés, égouttés;92.5;4.87;13.7;0.8;5.75
Petits pois, cuits;61.4;5.8;4.7;0.87;5.8
Pissenlit, cru;48.5;2.7;6.1;0.7;3.5
Poireau, cru;30.4;1.5;4.55;0.3;1.8
Poireau, cuit;3.24;0.81;0;0;0
Poivron, vert, jaune ou rouge, cru;22.6;0.8;3.5;0.27;1.5
Potiron, cru;20.1;1.05;3.5;0.1;0.5
Radis rouge, cru;11;0.94;1.53;0;1.4
Salsifis, cuit;67.7;2.73;12.3;0.17;3.1
Tomate, pelée, appertisée, égouttée;16.4;0.9;1.61;0.28;1.27
Maïs doux, en épis, cuit;106;3.41;18.6;1.5;2.4
Topinambour, cuit;69.3;1.8;14.4;0.01;2.2
Macédoine de légumes, appertisée, égouttée;40.4;2.32;5.59;0.28;3.16
Artichaut, cru;45.4;3.27;4.84;0.15;5.4
Aubergine, crue;22.9;0.98;2.7;0.18;3
Cardon, cru;13.7;0.7;1.7;0.1;1.6
Céleri-rave, cru;26.3;1.38;3.98;0;4.5
Champignon de Paris ou champignon de couche, cru;21;2.11;1.83;0.36;1
Brocoli, cru;31.9;2.9;2.15;0.36;2.6
Chou de Bruxelles, cru;43.9;3.38;4.59;0.3;3.8
Épinard, cru;33.3;2.68;3.06;0.39;2.6
Épinard, appertisé, égoutté;24.5;2.81;0.93;0.5;2.4
Haricot vert, cru;31.9;1.83;4.14;0.22;2.7
Haricot vert, appertisé, égoutté;23.2;1.34;2.07;0.32;3.36
Haricot beurre, appertisé, égoutté;23.2;1.2;3.25;0.2;1.78
Navet, pelé, cru;25.6;0.9;4.39;0.1;1.8
Chou-rave, cru;25.1;1.7;2.44;0.1;3.6
Maïs doux, appertisé, égoutté;105;2.66;18.3;1.68;3.1
Artichaut, appertisé, égoutté;39.8;1.5;6.5;0.2;3
Tomate, concentré, appertisé;99.2;4.4;17.1;0.53;4.2
Chou vert, cru;24.4;1.43;2.74;0.14;2.55
Haricot vert, surgelé, cru;33.1;1.79;4.76;0.21;2.6
Haricot vert, surgelé, cuit;33.7;1.49;5.1;0.17;3
Petits pois, crus;81.2;5.42;11.4;0.4;5.1
Artichaut, cuit à la vapeur sous pression;46.4;2.63;3.24;0;10.9
Asperge, appertisée, égouttée;20.3;1.57;1.2;0.65;1.55
Chou de Bruxelles, appertisé, égoutté;37.8;2.5;4.1;0.53;3.3
Céleri branche, appertisé, égoutté;13.1;0.63;1.38;0.15;2
Champignon de Paris ou champignon de couche, appertisé, égoutté;18.3;2;0.64;0.37;2.5
Salsifis, appertisé, égoutté;29.2;1.33;4.33;0.17;2.5
Chou-fleur, surgelé, cru;25.1;2.01;2.5;0.27;2.3
Epinard, haché ou purée ou en branches, surgelé, cru;28;3.32;1;0.54;2.95
Petits pois, surgelés, crus;77.9;5.86;9.5;0.4;6.45
Poivron vert, cru;22.5;0.81;3.43;0;3.2
Poivron vert, cuit;17.3;0.92;2.36;0.2;1.2
Poivron rouge, cru;33.6;1.06;5.98;0;3.2
Poivron rouge, cuit;37.9;1.17;6.41;0.35;2.2
Radis noir, cru;28.2;0.94;5.52;0;1.2
Scarole, crue;20.5;1.44;2;0.23;2.3
Betterave rouge, crue;40.2;1.61;6.34;0.17;2.8
Carotte, déshydratée;317;8.1;56;1.49;23.6
Petits pois et carottes, appertisés, égouttés;53.8;2.52;8.58;0.37;3.08
Chou-rave, bouilli/cuit à l'eau;28;1.8;4.4;0.11;1.1
Chou rouge, bouilli/cuit à l'eau;25.3;1.51;3.32;0.09;2.6
Potiron, cuit;26.1;0.81;4.47;0.07;2
Échalote, crue;61.7;1.81;12.2;0;2.6
Mâche, crue;15;2;0.5;0;2.3
Légumes, mélange surgelé, crus;65.1;2.26;5.71;2.65;4.7
Champignon de Paris ou champignon de couche, bouilli/cuit à l'eau;28.7;2.17;3;0.47;2.2
Champignon, chanterelle ou girolle, crue;24.7;1.49;1.77;0.53;3.8
Champignon, morille, crue;23.5;3.12;0.1;0.57;2.8
Champignon, truffe noire, crue;44.67;5.77;0;0.51;8.5
Maïs doux, en épis, surgelé, cru;97.4;3.36;17;1.19;2.65
Oseille, crue;23.4;1.89;1.6;0.65;1.8
Champignon, pleurote, crue;26.8;3.31;1.5;0.41;2.3
Chou blanc, cru;35.2;1.38;4.63;0.6;3.5
Fenouil, bouilli/cuit à l'eau;11.7;1.13;0.8;0;2
Tomate verte, crue;24.8;1.2;4;0.2;1.1
Batavia, crue;14.9;1.25;1.78;0;2.1
Petits pois, surgelés, cuits;65.8;5.15;7.95;0.27;5.5
Champignon de Paris ou champignon de couche, sauté/poêlé, sans matière grasse;38.4;4.44;4.53;0.6;0.9
Pourpier, feuille, cru;11.36;2.03;0;0.36;0
Courge musquée, chair sans peau, crue;23.5;0.55;4.6;0.1;1
Potimarron, chair sans peau, cru;22.1;0.95;3.1;0.28;1.7
Courge hokkaïdo, chair sans peau, crue;56.1;1.4;9.98;0.6;2.6
Fondue de poireau, préemballée;58.4;1.1;0;5.2;3.6
Courge melonnette, chair sans peau, crue;30.8;0.75;5.98;0.13;1.35
Tomate, pelée, appertisée, au jus, non égouttée;21.8;0.79;3.15;0.25;1.9
Courge butternut (doubeurre), chair sans peau, crue;30.5;1;5.4;0.1;2
Courge, crue;14.4;0.95;1.6;0.13;1.5
Courge butternut (doubeurre), chair sans peau, bouillie/cuite à l'eau;28.2;0.69;4.56;0.2;2.4
Courge spaghetti, chair sans peau, cuite;28;0.66;5.06;0.26;1.4
Courge spaghetti, chair sans peau, crue;32.3;0.64;5.41;0.57;1.5
Piment, cru;37.4;1.87;5.75;0.44;1.5
Artichaut, coeur, appertisé, égoutté;24.2;1.8;2.31;0;3.2
Artichaut, fond, appertisé, égoutté;23.4;1.2;3.02;0;2.6
Tétragone cornue, cuite;13.5;1.3;1;0.17;1.4
Champignon, oronge vraie, crue;14.1;2;0;0.3;1.7
Champignon, cèpe, cru;28.8;3.23;2;0.49;2.12
Champignon, rosé des prés, cru;16.2;2.3;0;0.4;1.7
Chicorée rouge, crue;18.9;1.4;1.6;0.1;3
Chicorée verte, crue;16.1;1.9;0.5;0.5;1
Rutabaga, cuit;26;0.93;4.26;0.18;1.8
Citrouille, chair sans peau, crue;29.7;1;5.79;0.1;0.5
Chou chinois pé-tsaï, cru;16.4;1.25;2.1;0.2;0.73
Poivron jaune, cru;29.4;0.94;4.73;0.3;1.2
Tomate, chair, appertisée;22.6;1.2;3.63;0;1.8
Tomate, purée, appertisée;47.6;1.5;8.42;0.2;1.6
Laitue romaine, crue;17.2;1.23;1.35;0.3;2.1
Tomate cerise, crue;31.8;1.31;5.62;0;1.2
Pois mange-tout ou pois gourmand, cru;43;2.8;6.2;0.2;2.6
Oignon, séché;355;8.95;74.1;0.46;9.2
Panais, cru;67.9;1.2;12.6;0.3;4.9
Graine germée de haricot mungo ou pousse de "soja", crue;28.3;2.57;3.4;0;1.7
Bambou, pousses, appertisées, égouttées;19.3;1.63;1.9;0.31;1.2
Tomate, séchée;281.73;14.1;43.5;2.97;12.3
Tomate côtelée ou coeur de boeuf, crue;17.4;0.5;3.4;0;0.9
Haricots blancs à la sauce tomate, appertisés;80.5;4.83;11.7;0.5;5
Haricot beurre, cru;37.6;1.82;5.6;0.12;3.4
Topinambour, cru;74.7;2;15.8;0.01;1.6
Salsifis noir, ou scorsonère d'Espagne, cru;83;3.13;15.3;0.3;3.3
Bambou, pousse, crue;29.1;2.6;2.57;0.3;2.2
Cresson alénois, cru;23.8;2.6;1.22;0.7;1.1
Laitue iceberg, crue;17.3;0.95;2.5;0.14;1.1
Rutabaga, cru;33.2;1.08;5.7;0.16;2.3
Champignon noir, séché;30.68;7.5;0;0.07;0
Haricot beurre, surgelé, cru;33.1;1.8;4.59;0.21;2.8
Brocoli, surgelé, cru;26.4;2.78;1.5;0.42;2.75
Chou de Bruxelles, surgelé, cru;45.2;3.78;4.69;0.41;3.8
Carotte, surgelée, crue;33.6;0.78;4.95;0.46;3.3
Concombre, chair sans peau, cru;11.1;0.56;2.23;0;0.8
Champignon, lentin comestible ou shiitaké, séché;316;9.58;63.9;0.99;11.5
Champignon, lentin comestible ou shiitaké, cuit;60.9;1.56;12.3;0.22;2.1
Petits pois et carottes, surgelés, crus;53;3.4;7.1;0.47;3.4
Pois mange-tout ou pois gourmand, bouilli/cuit à l'eau;30.9;2.25;3.39;0.3;2.8
Roquette, crue;27.9;2.58;2.1;0.66;1.6
Chou frisé, cru;49.5;4.28;4.2;0.93;3.6
Chou frisé, cuit;29.7;1.9;3.63;0.4;2
Chou chinois pé-tsaï, sauté/poêlé;18.9;1.06;2.77;0;1.6
Champignon de Paris ou champignon de couche, surgelé, cru;16.1;1.87;0.93;0.2;1.97
Courgette, chair et peau, surgelée, crue;16.5;1.08;2;0.13;1.48
Crosne, surgelé, cru;51.8;7.38;5.51;0.03;0
Artichaut, fond, surgelé, cru;54.5;1.89;7.02;0.42;7.54
Maïs doux, surgelé, cru;105;3.28;19.8;0.78;2.8
Navet, surgelé, cru;20.4;1.04;2.8;0.16;1.8
Oignon, surgelé, cru;30.3;0.89;5.22;0.06;2.65
Poireau, surgelé, cru;26.6;1.48;3.37;0.26;2.55
Salsifis, surgelé, cru;41.1;2.34;4.68;0.16;5.8
Oignon rouge, cru;35;1.31;5.63;0.4;2.5
Oignon jaune, cru;35.9;1.19;6.39;0;2.6
Piperade basquaise, préemballée;67.8;1.1;5.38;3.8;3.4
Cardon, cuit;22;0.76;3.63;0.11;1.7
Tomate, chair et peau, bouillie/cuite à l'eau;17.4;0.95;2.8;0.11;0.7
Pois mange-tout ou pois gourmands, cuits;47.3;3.5;5.92;0.38;3.1
Petit pot légumes, dès 4-6 mois;24;0.9;3.8;0;2.6
Petit pot légumes, avec féculent, dès 4/6 mois;41.7;1.3;6.45;0.8;1.75
Plat légumes, avec féculent, dès 6-8 mois;42.9;1.2;6.9;0.7;2.1
Plat légumes, avec féculent et lait/crème, dès 6/8 mois;70.2;2.38;9.12;2.3;1.5
Plat légumes, avec féculent et lait/crème, dès 8/12 mois;77.5;2.1;8.1;3.5;2.6
Plat légumes, avec féculent et lait/crème, dès 12 mois;71.6;2.88;8.53;2.3;2.4
Soupe pour bébé légumes et pomme de terre;38.1;1;5.88;0.91;1.4
Soupe pour bébé légumes, céréales et lait;59.5;1.5;7.19;2.5;0.9
Plat légumes, avec féculent et lait/crème, dès 18 mois;70.3;2.56;8.59;2.4;1.4
Échalote, cuite;69.3;2.13;13.5;0;3.4
Tomate, séchée, à l'huile;182.56;5.06;7.98;13.2;5.8
Haricots verts, purée;56.3;1.7;4.2;2.9;3.3
Légumes (3-4 sortes en mélange), purée;61.2;1.94;4.25;3.4;3.3
Brocoli, purée;29;2.5;2.75;0.38;2.39
Tomate, coulis, appertisé (purée de tomates mi-réduite à 11%);45.5;2.05;7.57;0.2;2.6
Carotte, purée;30.1;0.88;5.06;0;3.1
Poêlée de légumes assaisonnés sans champignon, surgelée, crue;50.4;2.6;5;1.5;3.6
Légumes pour potages, surgelés, crus;33.9;1.33;5.83;0;2.67
Courgette, purée;57.3;2.8;6.5;1.9;1.5
Julienne ou brunoise de légumes, surgelée, crue;27.9;1.19;4.08;0.25;2.28
Légumes pour ratatouille, surgelés;21;1.01;3.23;0.09;1.67
Printanière ou jardinière de légumes, surgelée, crue (petits pois, pommes de terre, haricots verts, carottes, oignon);51.3;2.4;8.48;0.08;3.62
Tomate, double concentré, appertisé;99.5;3.75;19.3;0.47;1.5
Haricot plat, cru;32.4;1.93;4.47;0.12;2.97
Épinard, jeunes pousses pour salades, cru;17;2.06;0;0.4;2.4
Macédoine de légumes, précuite, à finir de cuire, surgelée;62.4;4;7.5;0.5;6
Mesclun ou salade, mélange de jeunes pousses;22;2;2.5;0;2
Poêlée de légumes assaisonnés à l'asiatiques ou wok de légumes, surgelée, crue;73.5;1.75;4;5;2.75
Poêlée de légumes assaisonnés grillée, méridionale ou méditerranéenne, surgelée, crue;48;1.61;4.33;1.77;4.14
Poivron rouge, appertisé, égoutté;26.3;0.96;4.5;0.2;1.35
Tomate ronde, crue;17.5;0.5;3.42;0;1
Asperge blanche, bouillie/cuite à l'eau;17.3;1.44;1.63;0.3;1.3
Céleri-rave, purée;26.2;1.37;2.83;0.18;4.01
Asperge, verte, crue;24.7;2.46;2.03;0.27;2.15
Chou romanesco ou brocoli à pomme, cru;29.7;2.95;2.2;0.3;3.2
Asperge, blanche ou violette, pelée, crue;21;2.2;1.62;0.12;2.1
Salicorne (Salicornia sp.), crue;13.1;1.02;0.98;0.17;1.79
Petits pois, purée;86;4.8;8;2.8;4.8
Salade sucrine, crue;16.6;1.13;2.58;0;0.8
Tomate, chair et peau, rôtie/cuite au four;24;1;3.53;0.4;1.9
Chou romanesco ou brocoli à pomme, cuit;34.5;3;2.03;0.8;4.3
Potimarron, chair sans peau, cuit à l'étouffée;44.2;1.31;7.05;0.5;3.3
Courge butternut (doubeurre), chair sans peau, cuite;28.9;1.06;5.24;0;1.8
Haricot coco, bouilli/cuit à l'eau;130;9.63;13.7;0.5;15.8
Salade feuille de chêne, crue;10.7;1.13;1.03;0;1.8
Brèdes chou de Chine ou bok choy ou pak choï, tiges et feuilles, cuites à la vapeur, prélevées à La Réunion (Brassica rapa subsp. Chinensis);16.4;1.69;1.7;0;1.3
Chayote ou christophine ou chouchou, chair sans peau, sans noyau, cuite à la vapeur, prélevée à La Réunion (Sechium edule);20.9;0.63;3.5;0;1.4
Carotte, purée cuisinée à la crème, préemballée;43.7;1.44;4.57;1.6;3
Asperge verte, bouillie/cuite à l'eau;25.3;2.69;1.73;0.3;2.2
Aubergine, chair et peau, rôtie/cuite au four;31.1;1.31;3.83;0;1.9
Bette ou blette, côte et feuille, bouillie/cuite à l'eau;15.6;0.88;1.43;0.3;2.5
Brocoli, bouilli/cuit à l'eau, croquant;22.2;2.5;1.23;0.4;2.6
Brocoli, bouilli/cuit à l'eau, fondant;21.8;2.19;1.03;0.5;3
Brocoli, cuit à la vapeur;38;4.13;2.53;0.7;2.2
Carotte, bouillie/cuite à l'eau, croquante;33.1;0.75;6.33;0;3.2
Carotte, bouillie/cuite à l'eau, fondante;29.6;0.25;5.73;0;3.3
Carotte, cuite à la vapeur;40.3;0.63;7.33;0.3;3.7
Chou blanc, bouilli/cuit à l'eau;20.8;1;3.23;0;2.7
Chou de Bruxelles, bouilli/cuit à l'eau;44.4;3.19;5.4;0;4.8
Chou rouge, cuit à l'étouffée;33.9;1.19;5.7;0;3
Chou vert, bouilli/cuit à l'eau;19;1.63;1.83;0;3.3
Chou-fleur, cuit à la vapeur;30.5;2.56;3.41;0.3;1.8
Courgette, chair et peau, rôtie/cuite au four;20.3;1.5;3.13;0;1.7
Céleri branche, cuit à l'étouffée;14.7;0.75;2.48;0;1.5
Céleri rave, bouilli/cuit à l'eau;26.2;0.94;4.32;0.3;2.6
Endive, rôtie/cuite au four;22;1.13;4.38;0;0
Fenouil, cuit à l'étouffée;11.8;0.25;1.94;0;1.8
Haricot beurre, bouilli/cuit à l'eau;35;2.19;4.45;0.3;2.7
Haricot vert, bouilli/cuit à l'eau;27;1.75;3.39;0;3.2
Navet, bouilli/cuit à l'eau;18.4;0.75;3.23;0;2.1
Oignon blanc ou jaune, sauté/poêlé sans matière grasse;39.2;1.56;6.73;0;2.8
Oignon nouveau ou oignon frais ou cébette, sauté/poêlé sans matière grasse;28;1.13;3.56;0.3;3.1
Oignon rouge, sauté/poêlé;41.5;1.69;7.55;0;2.1
Panais, cuit à l'étouffée;91.2;1.94;16.6;0.5;5.6
Petits pois, bouillis/cuits à l'eau;80.7;6.38;9.93;0.6;4.8
Poireau, bouilli/cuit à l'eau;24.7;2.56;2.23;0;3.4
Poivron jaune, sauté/poêlé;34.5;1;5.33;0.6;2.2
Poivron rouge, sauté/poêlé;33;0.94;6.53;0;2
Poivron vert, sauté/poêlé;27.3;1.25;3.53;0.3;3
Potimarron, chair sans peau, bouilli/cuit à l'eau;38.6;1.06;6.88;0.3;1.8
Potiron, rôti/cuit au four;28.2;0.25;5.66;0;2
Salsifis, bouilli/cuit à l'eau;56.9;2.63;9.29;0;4.5
Échalote, sautée/poêlée sans matière grasse;67.3;2;12.3;0.4;2.9
Épinard, bouilli/cuit à l'eau;26.8;3.38;0;0.7;3.5
Saucisse végétale au tofu (convient aux véganes ou végétaliens), préemballée;228;13.4;5.69;16.3;0
Quenelle au tofu (ne convient pas aux véganes ou végétaliens), préemballée;133;11;4.97;7.2;0
Chou chinois pak choï ou pak choy (feuilles vertes ressemblant à des blettes), cuit;12.8;1.56;0.78;0.16;1
Chou chinois pak choï ou pak choy (feuilles vertes ressemblant à des blettes), cru;14.6;1.5;1.2;0.2;1
Tomate marmande, crue;11.24;0;2.81;0;0
Tomate noire de Crimée, crue;12.32;0;3.08;0;0
Tomate allongée, crue;18.8;0;3.29;0;2.1
Chou kale, cru;34.6;2.92;0.32;1.49;4.1
Moringa, gousse, cru;37.92;2.1;5.33;0.2;3.2
Moringa, feuille, cru;79.32;9.4;6.28;1.4;2
Asperge, bouillie/cuite à l'eau (aliment moyen);20.7;1.97;1.67;0.3;1.69
Brocoli, bouilli/cuit à l'eau (aliment moyen);21.8;2.19;1.03;0.5;3
Brocoli, cuit (aliment moyen);30;3.17;1.79;0.6;2.59
Carotte, bouillie/cuite à l'eau (aliment moyen);29.6;0.25;5.73;0;3.3
Carotte, cuite (aliment moyen);33;0.37;6.24;0.2;3.43
Céleri branche, cuit (aliment moyen);13.1;0.63;1.38;0.15;2
Chou rouge, cuit (aliment moyen);31.8;1.26;5.13;0.14;2.9
Fenouil, cuit (aliment moyen);11.8;0.36;1.8;0;1.83
Potimarron, chair sans peau, cuit (aliment moyen);38.6;1.06;6.88;0.3;1.8
Tomate, chair et peau, cuite (aliment moyen);19.8;0.97;3.06;0.21;1.13
Lentille, sèche (aliment moyen);327;25.1;44.5;1.8;16.3
Lentille, bouillie/cuite à l'eau (aliment moyen);125;10.1;16.2;0.57;8.45
Tomate sans précision, crue (aliment moyen);19.2;0.6;3.69;0;1.02
Légumes pour couscous, surgelés, crus;44.3;1.93;6.47;0.63;2.53
Légumes pour couscous, cuits;29.6;1.58;3.87;0.42;2.33
Poêlée de légumes assaisonnés aux champignons ("champêtre"), surgelée;31.5;1.5;4;0.5;2.5
Légume cuit (aliment moyen);28.7;1.68;3.67;0.3;2.6
Fève, bouillie/cuite à l'eau;83.3;8.06;9.35;0.8;3.1
Haricot blanc, sec;307;23.4;43.9;0.85;15.2
Haricot blanc, bouilli/cuit à l'eau;112;6.75;12;1.1;13.8
Haricot rouge, bouilli/cuit à l'eau;116;9.63;12.3;0.6;11.6
Pois cassé, bouilli/cuit à l'eau;129;8.6;16.3;1.49;7.95
Pois chiche, bouilli/cuit à l'eau;148;8.31;17.7;3;8.2
Haricot flageolet, appertisé, égoutté;92.9;6.1;12.2;0.79;6.3
Lentille, cuisinée, appertisée, égouttée;90.4;6.83;12.3;0.64;4
Haricot blanc, appertisé, égoutté;85.5;5.88;10.9;0.5;7
Haricot flageolet, bouilli/cuit à l'eau;112;6.75;12;1.1;13.8
Pois cassé, sec;347;23.8;47.5;1.16;25.5
Pois chiche, sec;350;20.5;47.5;6.04;12.2
Fève à écosser, fraîche, crue;61.5;6.76;4.2;0.67;5.85
Fève, sèche;301;26.1;33.3;1.53;25
Graine germée de lentille, fraîche, crue;123;8.96;19;0.55;3.1
Haricot rouge, appertisé, égoutté;108;8.31;13;0.97;7
Haricot rouge, sec;314;22.5;46.1;1.06;15.2
Pois d'Angole vert, frais, cru;129;7.2;18.8;1.64;5.1
Haricot de Lima ou pois savon ou pois du Cap ou pois souche, cru;105;6.84;15.3;0.86;4.9
Haricot mungo, sec;343;25.2;47.6;1.64;18.3
Haricot mungo, frais, bouilli/cuit à l'eau;95.7;7.54;11.9;0.55;6.4
Pois chiche, appertisé, égoutté;122;6.74;15;2.68;5.45
Lupin, graine, sec;356;36.2;21.5;9.74;18.9
Lentille corail, sèche;328;27.7;44.9;0.8;15.4
Haricot flageolet, frais, surgelé, cru;153;9.32;25.6;0.52;4.4
Haricot flageolet, vert, sec;315;19.1;42.1;2.6;23.4
Haricot flageolet, vert, bouilli/cuit à l'eau;115;8.5;13;0.91;10.2
Fève, pelée, fraîche, surgelée, crue;99.3;9.55;12.2;0.26;5.05
Fève, pelée, fraîche, surgelée, bouillie/cuite à l'eau;71.9;6.4;9;0.5;2.9
Fève, fraîche, surgelée, bouillie/cuite à l'eau;63.6;5.6;7.4;0;5.8
Tomate grappe, crue;19.8;0.5;3.67;0;1.5
Lentille verte, sèche;327;25.1;44.5;1.8;16.4
Lentille blonde, sèche;339;26.1;48.3;1.9;12.1
Lentille verte, bouillie/cuite à l'eau;125;10.1;16.2;0.58;8.45
Lentille blonde, bouillie/cuite à l'eau;122;9.7;16.3;0.7;6
Lentille corail, bouillie/cuite à l'eau;123;10.6;15;0.5;8.2
Crosne, cuit;49;2.13;9.11;0;1.9
Protéine de soja texturée, réhydratée;150;18.6;7.03;2.9;5.61
Légume sec, cuit (aliment moyen);113;8.22;13.8;0.78;9.52
Banane jaune, chair sans peau, cuite à la vapeur, prélevée à la Martinique;4.75;1.06;0;0.06;0
Chips de chair de giraumon (variété locale), prélevé à la Martinique;66;0;12.3;0;8.4
Chips de chair de giraumon (variété phoenix), prélevé à la Martinique;73;0;13.9;0;8.7
Chou dur ou chou caraïbe ou macabo, pulpe, cuit à la vapeur, prélevé à la Martinique;13.03;3.25;0;0;0
Chayote ou christophine ou chouchou à peau blanche, chair sans peau, sans noyau, cuite à la vapeur, prélevée à la Martinique;32.66;1.21;5.93;0.03;1.9
Chayote ou christophine ou chouchou à peau verte, chair sans peau, sans noyau, cuite à la vapeur, prélevée à la Martinique;29.53;1.23;4.6;0.02;3
Chayote ou christophine ou chouchou à peau blanche, chaire sans peau, sans noyau, appertisée, non égouttée, prélevée à la Martinique;2;0;0;0;1
Chayote ou christophine ou chouchou, chair et peau, sans noyau, cuite à la vapeur, surgelée, prélevée à la Martinique;3.2;0;0;0;1.6
Concombre, chair sans peau, avec pépins, cru, prélevé à la Martinique;8.14;0.73;0;0.58;0
Concombre, chair et peau, cru, prélevé à la Martinique;4.11;0.42;0;0.27;0
Cresson, feuille, cru, prélevé à la Martinique;14.1;2.25;0;0.1;2.1
Dachine, pulpe, cuit à la vapeur, prélevé à la Martinique;7.3;1.15;0;0.3;0
Farine de pulpe de patate douce, prélevée à la Martinique;223;0;50.1;0;11.3
Fruit à pain, chair sans peau, cuit à la vapeur, prélevé à la Martinique;90.15;1.29;21;0.11;0
Giraumon (variété locale), chair sans peau, cuit à la vapeur, prélevé à la Martinique;27.31;1.1;4.51;0.1;2
Giraumon (variété locale), chair sans peau, cuit à la vapeur, surgelé, prélevé à la Martinique;19.8;0;3.75;0;2.4
Giraumon (variété locale), chair sans peau, râpé, cru, prélevé à la Martinique;15.48;0;2.42;0;2.9
Giraumon (variété phoenix), chair sans peau, cuit à la vapeur, prélevé à la Martinique;31.05;1.03;5.62;0.05;2
Giraumon (variété phoenix), chair sans peau, râpé, cru, prélevé à la Martinique;17.24;0;3.51;0;1.6
Giraumon (variété phoenix), chair sans peau, surgelé, cuit à la vapeur, prélevé à la Martinique;22.28;0;4.37;0;2.4
Gombo, entier, appertisé, non égoutté, prélevé à la Martinique;5.6;0;0;0;2.8
Gombo, entier, cuit à la vapeur, prélevé à la Martinique;38.26;1.8;4.69;0.3;4.8
Gombo, sans pédoncule, blanchi, surgelé, prélevé à la Martinique;33.32;0.24;5.28;0.1;5.17
Igname cousse-couche, pulpe, cuit à la vapeur, prélevé à la Martinique;88.9;1.65;17.9;0.3;3.9
Igname jaune, pulpe, cuit à la vapeur, prélevé à la Martinique;127;2.04;27.6;0.37;2.67
Igname saint martin, pulpe, cuit à la vapeur, prélevé à la Martinique;93.3;2.25;18.4;0.3;3.9
Topinambour, pulpe, cuit à la vapeur, prélevé à la Martinique;6.54;1.23;0;0.18;0
Kamanioc, pulpe, cuit à la vapeur, prélevé à la Martinique;2.4;0.6;0;0;0
Massissi, chair, cru, prélevé à la Martinique;17.52;2.58;0;0.8;0
Papaye verte, chair sans peau, crue, prélevée à la Martinique;2.71;0.67;0;0;0
Papaye verte, chair sans peau, cuite à la vapeur, prélevée à la Martinique;2.52;0.63;0;0;0
Patate douce, pulpe, blanchie, surgelée, prélevée à la Martinique;9.8;0;0;0;4.9
Patate douce, pulpe, cuite à la vapeur, prélevée à la Martinique;126;1.48;25.2;0.07;9.2
Pois d'Angole, entier, cuit à la vapeur, prélevé à la Martinique;116.26;16.3;11.1;0.74;0
Ti nain, chair sans peau, cuit à la vapeur, prélevé à la Martinique;4.97;1.13;0;0.05;0
Tomate, entière, crue, prélevée à la Martinique;4.78;1.06;0;0.06;0
Soja, graine entière;441;36.5;20.9;19.9;9.3
Isolat de soja;402;80.5;1.76;3.39;5.6
Tofu nature, préemballé;147;13.4;2.87;8.5;0
Tofu soyeux, préemballé;54.3;4.57;1.53;2.9;0.6
Dessert au soja, aromatisé, sucré, enrichi en calcium, rayon frais;95;3.25;15.3;1.9;1.1
Tofu fumé, préemballé;164;14.9;2.91;9.5;0
Galette ou pavé au soja;252;15.5;8.5;14.7;8.8
Farine de soja complète;457;34.5;25.7;20.7;9.6
Miso;188;11.7;18.1;6.01;5.4
Tempeh;157;16.1;7.89;4.7;6.2
Sirop pour fruits appertisés au sirop;73;0.25;17.7;0;0
Sirop léger pour fruits appertisés au sirop;58.9;0.34;14.3;0;0
Dessert au soja, aromatisé, sucré, non enrichi, rayon frais;93.1;2.74;16;1.7;0.8
Dessert végétal sans soja (amande, avoine, chanvre, coco, riz), aromatisé, sucré, non enrichi, rayon frais;148;1.66;15.8;8;2.1
Dessert végétal sans soja (coco, riz), aux fruits, sucré, enrichi en calcium, fermenté, rayon frais;75.1;0.21;16;1;0
Sirop léger pour poire appertisée;57.9;0.25;14.6;0;0
Dessert au soja, aromatisé, sucré, enrichi en calcium et vitamine D, rayon frais;95.6;2.96;15.3;2.05;1.45
Dessert au soja, aux fruits, sucré, enrichi en calcium et vitamine D, fermenté, rayon frais;85.1;2.76;13.8;1.68;1.31
Dessert végétal sans soja (amande, avoine, chanvre, coco, riz), nature, sans sucres ajoutés, non enrichi, rayon frais;150;1.2;6.7;13;0
Dessert végétal sans soja, rayon frais (aliment moyen);148;1.66;15.8;8;2.1
Dessert au soja, rayon frais (aliment moyen);67.2;3.38;8.19;1.8;0.93
Spiruline (algue), fraîche, crue;36.1;5.92;2.02;0.39;0.4
Criste marine, fraîche, crue;39.4;2.57;3.43;0.66;4.72
Laitue de mer (Ulva sp.), séchée ou déshydratée;203;15.7;13.8;1.95;33.5
Kombu royal (Saccharina latissima), séché ou déshydraté;205;9.94;23.1;1.39;30.2
Nori (Porphyra sp., Pyropia), séchée ou déshydratée;257;30.2;11.7;1.77;36.8
Dulse (Palmaria palmata), séchée ou déshydratée;221;16.9;20.8;1.35;29.2
Maërl ou lithothamne (Lithothamnion), séché ou déshydraté;24.04;2.49;3.52;0;0
Kombu ou kombu japonais (Saccharina japonica), séché ou déshydraté;222;7.89;24.9;2.56;34.1
Kombu breton (Laminaria digitata), séché ou déshydraté;211;8.89;22.9;1.01;37.3
Haricot de mer (Himanthalia elongata), séchée ou déshydratée;227;9.9;26.4;2.28;30.8
Gracilaire ou ogonori (Gracilaria verrucosa), séchée ou déshydratée;232;17.8;23.4;1.75;25.4
Fucus vésiculeux (Fucus serratus ou Fucus vesiculosus), séché ou déshydraté;194;9.11;12.4;1.71;46.3
Ao-nori (Ulva sp., ex Enteromorpha sp.), séchée ou déshydratée;225;13.6;19.5;2.5;35.1
Lichen de mer ou pioca ou goémon rouge (Chondrus crispus), séché ou déshydraté;215;16.7;15;1.95;35.5
Chlorelle (chlorella), séchée ou déshydratée;420.2;48.5;30.9;11.4;0
Ascophylle noueux ou goémon noir (Ascophyllum nodosum), séché ou déshydraté;206;7.4;16.3;2.7;43.6
Wakamé atlantique (Alaria esculenta), séché ou déshydraté;201;12.2;13.3;1.5;42.9
Mouton, viande crue;137;20.6;0;6.11;0
Mouton, épaule crue;228;17.3;0.1;17.6;0
Mouton, pied cru;204;18.1;0;14.6;0
Mouton, tête crue;204;18.1;0;14.6;0
Mouton, gigot cru;225;18;0;17;0
Mouton, gigot rôti/cuit au four;126;0;0;14;0
Agneau, côtelette crue;333;15.4;0;30.1;0
Agneau, côtelette grillée/poêlée;240;25.7;0;15.2;0
Agneau, gigot cru;128;20;0.48;5.13;0
Agneau, gigot rôti/cuit au four;169;26.8;0;6.85;0
Agneau, épaule crue;170;18.3;0.45;10.6;0
Agneau, épaule maigre crue;139;19.6;0;6.76;0
Agneau, épaule rôtie/cuite au four;252;30.5;0;14.5;0
Agneau, épaule maigre rôtie/cuite au four;197;24.9;0;10.8;0
Agneau, collier braisé ou bouilli;365;33.6;0;25.6;0
Agneau, côte filet grillée/poêlée;157;26.3;0;5.78;0
Agneau, côte première grillée/poêlée;185;26.1;0;9.01;0
Agneau, selle, partie maigre rôtie/cuite au four;153;26.1;0;5.45;0
Agneau, collier cru;195;18;0;13.7;0
Agneau, selle crue;236;17.5;0;18.4;0
Agneau, côte filet crue;232;17.6;0;18;0
Agneau, côte première crue;276;16.9;0;23.1;0
Agneau, gigot grillé/poêlé;174;27.6;0;7.08;0
Agneau, gigot braisé;222;35.2;0;9.03;0
Agneau, selle, partie maigre grillée/poêlée;153;26.1;0;5.45;0
Agneau, côte ou côtelette, crue (aliment moyen);262;16.6;0.35;21.5;0
Agneau, côte ou côtelette, cuite (aliment moyen);157;26.3;0;5.78;0
Agneau, viande, cuite (aliment moyen);193;28.5;0;8.78;0
Agneau, côte ou côtelette, grillée/poêlée (aliment moyen);157;26.3;0;5.78;0
Agneau, côte découverte crue;205;16.3;1.38;15;0
Chevreau, viande crue;103;20.6;0;2.31;0
Chevreau, viande cuite;136;27.1;0;3.03;0
Oeuf cru;140;12.8;0.06;9.83;0
Oeuf, blanc (blanc d'oeuf), cru;48.1;10.9;0.73;0.17;0
Oeuf, jaune (jaune d'oeuf), cru;307;15.5;1.09;26.7;0
Oeuf, jaune (jaune d'oeuf), en poudre;667;33.7;2.11;58.1;0
Oeuf, blanc (blanc d'oeuf), en poudre;356;81.1;7.8;0;0
Oeuf, blanc (blanc d'oeuf), cuit;47.3;10.3;1.12;0.17;0
Oeuf, jaune (jaune d'oeuf), cuit;340;16;1.31;30.1;0
Oeuf dur;134;13.5;0.52;8.62;0
Oeuf poché;139;12.5;0.89;9.47;0
Oeuf, en poudre;587;48.4;1.52;43;0
Oeuf à la coque;142;12.2;1.08;9.82;0
Oeuf de caille, cru;154;13.1;0.41;11.1;0
Oeuf de cane, cru;181;12.8;1.45;13.8;0
Oeuf d'oie, cru;180;13.9;1.35;13.3;0
Oeuf de dinde, cru;166;13.7;1.13;11.9;0
Omelette nature, faite maison;196;13.8;0.9;15.3;0
Oeuf brouillé, avec matière grasse;167;11.9;0.44;13;0
Oeuf au plat, sans matière grasse;157;14.6;1.4;10.4;0
Omelette au fromage, faite maison;255;17.7;2.56;19.3;0
Omelette aux lardons, faite maison;267;12.5;1.46;23.5;0
Omelette aux champignons, faite maison;125;8.09;2.28;9.2;0.45
Omelette à la ciboulette, faite maison;147;9.5;1.98;11.2;0.55
Tortilla espagnole aux oignons (omelette aux pommes de terre et oignons), préemballée;165;5.56;11.7;9.9;2.7
Omelette, garnitures diverses : légumes, fromages, viandes... (aliment moyen);179;9.61;4.83;13.2;0.96
Gâteau (aliment moyen);410;5.49;51.8;19.6;2.38
Cheesecake, préemballé;337;5.44;34.1;19.7;0.7
Gâteau Paris-Brest (pâte à choux crème mousseline praliné);327;5.42;29.1;20.5;1.1
Forêt noire, pâtisserie type génoise au chocolat et crème multi-couches, avec ou sans cerises;317;3.66;39.1;14.8;1.85
Gâteau mousse de fruits sur génoise, type miroir, bavarois;265;2.79;30.8;14.5;0
Entremets type Opéra;392;5.19;37.6;24;2.3
Fraisier ou framboisier;221;2.6;25;12;1.5
Baba au rhum, artisanal;244.9;2.25;36.3;9.9;0.8
Canelé;298;5;61;3.2;2.6
Kouign amann, préemballé;489;3.64;53.2;28.8;1.45
Macaron moelleux fourré à la confiture ou à la crème;448;11;56.5;19;2.9
Macaron sec;436;6.9;77.7;10.2;3
Bûche de Noël pâtissière;363;4.25;39.8;20.4;1
Brownie au chocolat et aux fruits à coques, préemballé;466;6.58;45.9;27.7;3.18
Brownie au chocolat, préemballé;458;5.94;50.6;25.4;3.4
Rocher coco ou congolais (petit gâteau à la noix de coco), préemballé;459;3.98;56.1;23;5.62
Biscuit de Savoie;260;5.9;56.3;0.8;1.5
Quatre-quarts (beurre, oeufs, sucre, farine), artisanal;440;5.94;46;25.6;1.1
Quatre-quarts (beurre, oeufs, sucre, farine), préemballé;434;5.94;48.2;23.9;1.1
Barre pâtissière, préemballée;378;5.38;54.7;14.9;1.4
Gâteau moelleux au citron, préemballé;411;6.81;49.6;20.4;1
Gâteau breton fourré à la crème de pruneaux, préemballé;453;5.17;59.3;21.3;1.5
Far breton aux pruneaux;229;5.13;32;8;3.4
Kouign Amann, artisanal;449;5.81;48.7;25.1;2.2
Pain d'épices, préemballé;318;3.14;71.8;1.15;3.78
Pain d'épices fourré aux fruits ou nonnette, préemballé;338;3.85;75;2.15;1.74
Baklava ou baklawa (pâtisserie orientale aux amandes et sirop);459;10.4;49.2;24.5;0
Corne de gazelle (pâtisserie orientale aux amandes en forme de croissant recouverte de sucre glace);474;8.55;60.2;22.1;0
Pâte brisée, préemballée, cuite (aliment moyen);473;7.47;46.4;26.4;8.5
Pâte à pizza fine, préemballée, crue;285;7.57;47.4;6.6;1.6
Pâte brisée, matière grasse végétale, préemballée, crue;392;5.17;42.7;21.7;1.67
Pâte brisée, matière grasse végétale, préemballée, cuite;473;7.47;46.4;26.4;8.5
Pâte brisée, pur beurre, préemballée, crue;390;5.93;45;20;2
Pâte brisée, pur beurre, surgelée, préemballée, crue;387;5.65;43.3;20.7;1.6
Pâte brisée, pur beurre, préemballée, cuite;497;7.58;61.1;23.9;1.7
Pâte feuilletée, matière grasse végétale, crue;385;5.75;41;21.4;1.5
Pâte feuilletée, pur beurre, préemballée, crue;370;5.47;40;20;3
Pâte feuilletée, pur beurre, surgelée, préemballée, crue;398;4.99;35.3;25.8;1.4
Pâte feuilletée, pur beurre, préemballée, cuite;560;5.73;42;40.5;1.2
Feuille de brick ou khatfa, préemballée, cuite à sec sans matière grasse;277;6.16;57.1;1.76;3
Pâte sablée, préemballée, crue;419;5.31;50;21.8;0.95
Pâte sablée, préemballée, cuite;504;5.7;64.3;24.6;1.5
Pâte sablée, pur beurre, préemballée, crue;383;5.95;53.6;15.8;1.65
Pâte phyllo ou pâte filo, crue;289;7.1;50.7;6;1.9
Pâte sablée, pur beurre, surgelée, préemballée, crue;423;4.9;60.9;17.5;1.2
Pâte sablée, pur beurre, préemballée, cuite;469;6.2;63;20.9;1.9
Chou à la crème, sans précision (chantilly ou pâtissière);325;4.5;25.1;22.9;0
Chou à la crème chantilly, Saint-honoré;337;4.63;22.9;25;1
Chou à la crème pâtissière;225;4.31;34.9;7.3;1
Chouquette;408;9.13;40.6;22.9;1.5
Profiterole avec glace vanille et sauce chocolat;286;5.38;31.4;14.9;1.6
Profiteroles (crème pâtissière et sauce chocolat), rayon frais;251;5.06;31.1;11.4;2
Éclair;264;5.78;31.6;11.8;3.9
Tarte aux fruits et crème pâtissière;205;2.94;30;7.7;1.3
Chausson aux pommes;360;4.17;42.2;18.7;3.1
Tarte normande aux pommes (garniture farine, oeufs, crème, sucre, calvados), artisanale;313;4.44;38.7;15;2.5
Tarte au citron;319;5.56;43.1;13.6;0.97
Tarte ou tartelette aux pommes;227;2.52;32.7;8.79;3.3
Tarte aux fraises, artisanale;318;3.19;31;19.8;1.5
Crumble aux pommes, préemballé;226;1.71;35.4;8.17;1.9
Tarte aux abricots;285;3.18;41;10.7;5.9
Tarte aux fruits rouges;231;3.5;36.5;6.87;4.5
Tarte tatin aux pommes;245;1.76;38.1;9.25;1.25
Tarte au chocolat, fabrication artisanale;469;5.94;40.9;30.7;2.9
Tarte ou tartelette aux fruits (aliment moyen);245;3.18;34.1;9.99;2.4
Flan pâtissier aux oeufs ou à la parisienne;211;3.97;33.2;6.85;0.48
Charlotte aux fruits;200;5.16;28.2;6.64;2.8
Gâteau de semoule aux raisins et caramel, rayon frais;146;3.79;24.5;3.57;0.3
Gâteau de riz au caramel, rayon frais;144;3.3;25.4;3.17;0.06
Gâteau moka ou gâteau au café;386;4.1;23;30.8;0.4
Gâteau au chocolat, préemballé;445;5.88;51;24;3.7
Gâteau au chocolat type fondant ou mi-cuit, préemballé;467;6;43;29.7;1.85
Gâteau ou cake au yaourt, préemballé;409;5.88;52;19.1;2.7
Gâteau moelleux nature type génoise, préemballé;378;6.7;57.6;13.2;0.8
Galette des rois feuilletée, fourrée à la pomme;289;3.4;29.1;17.2;2
Galette des rois feuilletée, fourrée frangipane, et Pithiviers;438;7.6;33.4;30;2
Crêpe, nature, préemballée, rayon frais;257;6.31;41.6;6.8;2.2
Crêpe, nature, préemballée, rayon température ambiante;389;7.65;59.9;12.8;1.61
Galette de sarrasin, nature, souple (à garnir) préemballée;161;5.32;30.5;1.74;0
Gâteau basque à la crème pâtissière;340;3.75;51.5;13;1
Gâteau basque aux cerises;395;4.3;63.3;13.5;1.4
Crêpe fourrée au chocolat et aux billes de céréales croustillantes, préemballée;448;6.81;58.3;20.3;2.52
Blinis;270;5.94;34.6;11.5;2.23
Crêpe fourrée au sucre, préemballée;406;6.62;58.7;15.8;1.04
Crêpe fourrée à la confiture, faite maison;296;6.51;54;5.74;1
Crêpe fourrée au chocolat ou à la pâte à tartiner chocolat et noisettes, faite maison;388;7.76;54.3;15.1;2.22
Pancake (petite crêpe épaisse), sucrée, préemballée;358;5.5;45.3;16.6;2.2
Pancake (petite crêpe épaisse), fourrée à la pâte à tartiner chocolat noisette, préemballée;331;6.83;50.1;11;2.2
Crêpe fourrée au chocolat, préemballée;439;6.83;58.6;19.1;2.43
Crêpe fourrée fraise, préemballée;351;4.96;64.3;7.91;1.5
Gaufre fine fourrée au miel, au caramel ou à la vergeoise, préemballée;455;4.56;67;18.3;1.9
Gaufre bruxelloise ou liégeoise nature, artisanale;301;8;36.1;13.4;1.9
Gaufre moelleuse (type bruxelloise ou liégeoise), nature ou sucrée, préemballée;455;6.19;52.1;24.1;2.4
Gaufre moelleuse (type bruxelloise ou liégeoise), au chocolat, préemballée;460;5.59;54.4;23.9;2.36
Gaufre croustillante (fine ou sèche), nature ou sucrée, préemballée;477;6.22;67.6;19.7;1.78
Beignet ou donut rond moelleux, sans fourrage, saupoudré de sucre;404;7.25;39.4;23.7;2
Beignet ou donut fourré aux fruits (fourrage type confiture), préemballé;391;5.1;49.5;19;0.9
Beignet ou donut fourré ou nappé goût chocolat ou chocolat noisette, préemballé;407;5.3;48;21;2.6
Pâtisserie (aliment moyen);279;4.14;35.5;12.9;1.98
Cake aux fruits (confits et/ou raisins secs), préemballé;360;4.19;55.2;12.6;2.1
Gâteau marbré au chocolat, préemballé;438;5.68;50.5;23.2;1.83
Gâteau moelleux nature, préemballé;438;5.42;53.1;22.4;1.23
Gâteau moelleux aux fruits, préemballé;382;3;69;10;2
Gâteau moelleux aux fruits à coque, type gâteau creusois, préemballé;418;6.35;48.8;21.5;1.9
Gâteau moelleux fourré au chocolat, type mini-cake, mini-roulé, ourson…, préemballé;414;5.44;55.4;18.2;3.2
Gâteau moelleux fourré aux fruits type mini-roulé ou mini-cake fourré, préemballé;374;4.63;57.7;12.8;4.5
Gâteau moelleux aux pépites de chocolat, type mini-cake, préemballé;442;5.38;50.2;23.6;3.7
Gâteau moelleux fourré au chocolat et enrobé ou nappé de chocolat, préemballé;440;5;53.8;21.8;2.7
Gâteau moelleux fourré au chocolat et au lait, enrobé de chocolat, préemballé;446;5.81;52.9;23.1;1.58
Muffin, aux fruits (myrtilles et autres), préemballé;397;4.81;49.1;19.9;1.34
Muffin, au chocolat, préemballé;444;5.58;52.5;23;2.42
Biscuit sec, sans précision;433;7.83;67.8;13.8;3
Biscuit sec nature;438;7.13;74.9;11.5;3.3
Biscuit sec à teneur garantie en vitamines;457;9.63;72.3;14.2;0.75
Biscuit sec à teneur garantie en vitamines et minéraux;472;10.8;61.1;19.8;3.5
Biscuit sec aux fruits, hyposodé ou à teneur réduite en sel;448;8.88;64;16;5.4
Biscuit sec au soja, enrichi en vitamines et minéraux;444;10.9;60.3;16.1;6.6
Biscuit sec fourré aux fruits, allégé en matière grasse;391;4.69;75.3;7.2;3
Spéculoos;476;5.63;71.2;18.1;3
Biscuit sec, avec matière grasse végétale;436;7.23;74;11.7;3.1
Biscuit sec, assortiment;515;6.44;61.4;26.4;2.9
Biscuit sec au chocolat, sans sucres ajoutés, avec édulcorants, enrichi en vitamines;448;6.78;64.6;21.8;3.71
Biscuit sec, sans sucres ajoutés, avec édulcorant;429;6.23;72.1;15.7;3.93
Biscuit sec avec tablette de chocolat et fourrage au lait;512;6.75;62.3;25.6;2.7
Biscuit sec petit beurre;450;7.78;73.4;13.3;2.54
Biscuit sec avec tablette de chocolat;485;5.56;68.8;20;3.5
Biscuit sec petit beurre au chocolat (tablette ou pépites);496;6.88;63.8;22.8;4
Biscuit sec sans gluten, petit beurre;460;3.8;79.3;14;0.9
Biscuit sec sans gluten, au chocolat;504;5.04;64;24.7;2.95
Biscuit sec aux céréales complètes;462;7.75;63;18.4;6.6
Biscuit sec petit beurre au blé complet;439;9.25;66.6;13.4;7.2
Biscuit sec au sésame, non enrichi;496;9.19;60;23.3;4.84
Biscuit sec au sésame, enrichi en vitamines et minéraux;485;11.5;60;21;4.9
Biscuit sec sans chocolat, allégé en matière grasse;388;6;71;6;13
Biscuit sec pour petit déjeuner, sans chocolat, non enrichi;452;7.81;65.8;16.3;5.5
Biscuit sec pour petit déjeuner, allégé en sucres;444;7.78;66.2;15;6.7
Biscuit sec au chocolat, non enrichi;507;7.75;59.5;25.6;3.9
Biscuit sec fourré à la pâte ou purée de fruits (ex : figue);421;4.93;71.6;12.3;2
Biscuit sec, sablé, nappé de chocolat;495;6.56;63.5;22.9;4.1
Biscuit sec pour petit déjeuner, au chocolat, non enrichi;447;8.06;62.9;16.4;7.6
Biscuit sec pour petit déjeuner, tous parfums, enrichi en vitamines et minéraux;454;7.06;67.3;16.1;5.8
Biscuit sec au chocolat, enrichi en vitamines et minéraux;461;8.96;61.9;18.3;6.54
Biscuit sec, sablé, galette ou palet, autre que pur beurre;495;5.71;64.5;23.1;3.34
Biscuit sec, sablé, galette ou palet, au beurre;481;6.81;66.8;20;3.2
Biscuit sec, sablé, galette ou palet, au beurre, au chocolat;499;6.33;63.5;23.7;3.11
Biscuit (génoise), nappé de chocolat, type barquette;489;7.38;59.5;23.9;3.1
Biscuit sec (tartelette), nappé au chocolat, préemballé;504;6.58;59.7;25.6;3.71
Biscuit sec, sablé, galette ou palet, aux fruits;482;5.8;66.3;21;2.37
Florentin (biscuit sec au chocolat et aux amandes);514;9.31;50.7;28.7;7.6
Biscuit sec, sablé, fourré aux fruits type lunette de Romans;449;6.06;69.2;16;2.04
Biscuit meringué fourré (chocolat, noisette, noix de coco…), nappé ou sur base de chocolat;540;7.65;54.5;31.5;3.95
Biscuit sec à la noix de coco;493;6.32;65.4;22.1;3.51
Sablé pâtissier, artisanal;484;8.38;59.4;22.9;3.3
Biscuit au chocolat fourré ("sandwiché") parfum vanille, rond, noir et blanc;480;5.06;69.2;19.6;3.2
Goûter sec fourré ("sandwiché") parfum lait ou vanille;478;5;70;19;3.6
Goûter sec fourré ("sandwiché") parfum chocolat, au blé complet;465;5.94;69.3;17.2;4.8
Goûter sec fourré ("sandwiché") parfum chocolat;471;6.31;67.5;18.5;4.7
Goûter sec fourré ("sandwiché") parfum fruits;407;5.13;73.6;9.4;3.7
Gaufrette (éventail, cigarette…), sans fourrage;437;6.51;80;9.7;2.05
Gaufrette fourrée et/ou enrobée de chocolat;534;6.63;56.6;30.5;3.5
Gaufrette fourrée, aux fruits à coque (noisette, amande, praliné, etc.), avec ou sans chocolat;562;9;49;36.1;2.5
Gaufrette, fourrée vanille;538;5.75;60.1;30.1;1.6
Gaufrette fourrée, aux fruits;355;4.13;81;0.8;2.7
Crêpe dentelle nature;467;6.37;73.1;16.2;1.7
Crêpe dentelle, nappée de chocolat;498;5.75;67.4;22.1;3.5
Biscuit sec aux oeufs à la cuillère (cuiller) ou boudoir;366;7.75;74.5;3.4;2.9
Biscuit sec, type langue de chat ou cigarette russe;475;5.27;72.7;17.8;1.55
Meringue;396;4.82;93.2;0.52;0
Biscuit sec croquant aux amandes (ex. canistrelli);454;9.04;68.2;15.4;3.2
Biscuit sec fin ou tuile, aux amandes;471;7.8;68;18.1;2.1
Biscuit sec fin ou tuile, saveur citron ou orange;419;6.37;69.7;9.73;13.6
Madeleine, pur beurre, préemballée;453;5.88;52.4;24.1;1.27
Madeleine au chocolat (nappage, pépites ou fourrage…), préemballée;447;5.45;53.7;22.7;2.05
Madeleine ordinaire, préemballée;441;5.55;55.3;21.6;1.4
Biscuit sec ou galette à l'avoine, nappée de chocolat;509;5.73;61.3;26;3.58
Biscuit sec ou galette à l'avoine;491;5.64;63.9;22.9;3.41
Cookie aux cranberries et au chocolat blanc, préemballé;488;4.76;65.9;22.4;2.1
Biscuit sec, type batonnet, stick, vrille ou torsade, nappé de chocolat;510;6.86;63.1;25.1;2.42
Biscuit sec feuilleté, type palmier ou autres, nappé de chocolat;532;5.93;59.7;29.4;2.33
Biscuit sec feuilleté, type palmier ou autres, préemballé;528;6.06;56.8;30;3.4
Biscuit sec feuilleté, type palmier ou autres, artisanal;499;5.93;47.8;30.4;5.3
Tarte aux poires amandine;310;4.9;37.7;14.9;2.3
Gâteau aux amandes type financier, préemballé;447;8.26;44.3;25.7;2.3
Mille-feuille;292;3.88;43.7;11.3;0.24
Gâteau moelleux sans gluten (cake, madeleine…), préemballé;443;4.74;50.7;24.2;1.62
Gâteau moelleux sans gluten (cake, brownie…), au chocolat, préemballé;434;5.38;49.6;24.4;2.18
Cookie au chocolat et aux fruits à coque (noisettes, amandes, noix de pécan…), préemballé;507;6.78;57;27.1;4.02
Biscuit (génoise), nappé aux fruits, type barquette;341;4.44;74.4;2.1;2.8
Biscuit sec (tartelette), nappé aux fruits, préemballé;424;4.63;71.3;13;1.94
Biscuit moelleux fourré à l'orange et enrobé de sucre glace;359;4.1;80;2.1;1.7
Cookie au chocolat, préemballé;493;6.44;61;23.8;4.3
Cône ou cornet classique, pour glace;401;7.5;80.4;5;2
Biscuit (génoise), fourré aux fruits (ex : orange, cerise…), nappé de chocolat;395;3.88;66.6;11.7;3.2
Cookie aux pépites de chocolat et à la noix de coco, préemballé;519;5.93;54.5;29.8;4.85
Biscuit pour bébé;439;7.5;73.3;12.3;2.4
Poisson blanc en sauce, préemballé (aliment moyen);147;13.2;4.67;8.1;1.14
Dessert (aliment moyen);255;4.41;32.9;11.3;1.7
Blanquette de veau, préemballée;113;15.4;3.1;4;0.8
Cassoulet, appertisé;129;8.06;9.41;5.77;3.55
Choucroute garnie, préemballée;109;5.06;2.8;8.06;2.71
Hachis parmentier à la viande, préemballé;138;5.99;9.39;8.22;1.43
Petit salé ou saucisse aux lentilles, préemballé;118;8.24;8.89;4.87;2.83
Pot-au-feu, préemballé;77.5;10.9;3.2;2.02;1.5
Ratatouille cuisinée, préemballée;57.1;1.22;4.97;3.15;2.03
Ravioli au boeuf, sauce tomate, appertisé;95.3;4.22;12.5;2.83;1.41
Soufflé au fromage;185;10.9;4.75;13.4;1.15
Épinard à la crème, préemballé;57.3;2.5;4.1;2.9;1.9
Couscous au mouton;149;8.31;12.2;7.2;1.3
Paëlla, préemballée;148;7.86;17.1;4.9;1.85
Boeuf bourguignon, préemballé;84.3;10.3;4.17;2.61;1.5
Sauté d'agneau au curry, préemballé;169.1;10.5;0;13.9;1
Gratin ou cassolette de poisson et / ou fruits de mer,  préemballé, cru;105;6.13;8.39;5.1;0.5
Gratin ou cassolette de poisson et / ou fruits de mer, préemballé, cuit;117;6.69;5.28;7.5;0.7
Couscous à la viande ou au poulet, allégé en matière grasse, préemballé,;90.7;5.9;11.5;1.9;2
Gratin d'aubergine, préemballé;105;1.5;5.5;8;2.5
Gratin dauphinois, préemballé;113;3.38;14.5;4.2;1.5
Poêlée de pommes de terre préfrites, lardons ou poulet, et autres, sans légumes verts, préemballée;171;3.2;17;9.6;2.1
Canard en sauce (poivre vert, chasseur, etc.), préemballé;145;9.55;10.2;7.3;0
Lapin à la moutarde, préemballé;108;14.9;0.5;5;0.8
Boeuf aux carottes, préemballé;95;13.2;2.91;3.15;1.1
Potée auvergnate (chou et porc);115;7.28;4.85;6.9;2.1
Endive au jambon, préemballée;109;7.44;4.71;6.3;1.5
Saumon sauce à l'oseille, préemballé;157;9.5;8.23;9.5;0.5
Lasagnes ou canellonis à la viande (bolognaise), préemballés;134;6.29;13.5;5.72;1.91
Pâtes à la bolognaise (spaghetti, tagliatelles…), préemballées;116;5.32;13.6;4.07;1.9
Poisson blanc à la bordelaise (chapelure, huile…), préemballé;176;14.8;5.3;10.4;1
Riz cantonais, préemballé;164;5.46;23.6;4.94;1.74
Cordon bleu de volaille, préemballé;226;14;14.6;12.2;0.78
Cassoulet au porc, appertisé;132;8.3;8.6;6.3;4
Cassoulet au canard ou oie, appertisé;161;10.5;10.1;7.86;3.86
Gratin de chou-fleur, préemballé;86.3;3;3.3;6.5;1.3
Tomate farcie, préemballée;127;6;2.95;9.67;2.1
Chou farci, préemballé;94.9;5.3;2;6.6;3.13
Couscous au poisson;105;7.5;14.2;1.6;1.7
Samossa ou samoussa ou brick garni, préemballé, cuit;230;9.33;16.5;13.7;1.8
Ravioli chinois à la vapeur à la crevette, cuit;172;5.5;23.2;5.5;3.6
Chili con carne, préemballé;118;7.13;13;3.35;3.56
Coq au vin;133;13;4;7;1
Gratin de pâtes au jambon, préemballé;179;7.06;16.4;9.2;1
Moussaka, préemballée;147;5.82;5.16;10.8;2.84
Navarin d'agneau aux légumes;135;9.72;3.85;8.61;1.53
Paupiette de veau;181;14.6;4.67;11.3;0.69
Paupiette de volaille;163;17.4;8.8;6.19;1.17
Couscous royal (avec plusieurs viandes), préemballé;132;7.69;14;4.53;2.1
Poisson blanc à la provençale ou niçoise (sauce tomate), préemballé;73.4;9.31;3.1;2.3;1.5
Lasagnes ou cannellonis aux légumes, préemballées, cuits;120;4.38;10.1;5.9;2.25
Pâtes à la carbonara (spaghetti, tagliatelles…), préemballées;161;5.91;14.2;8.7;1.18
Tartiflette (pommes de terre, reblochon, lardons…), préemballée;161;6;13.5;8.9;0.8
Couscous au poulet;130;7.5;15.6;3.85;1.47
Lasagnes ou cannellonis au poisson, préemballées;148;7.28;13;7.1;1.68
Poisson blanc à la florentine (sauce aux épinards), préemballé;96;12;2;4;2
Poisson blanc à la marinière (sauce aux oignons, vin blanc, moules), préemballé;80;11.5;2.2;2.8;0
Poisson blanc à la sauce moutarde, préemballé;90.8;9.2;5.4;3.6;0
Poisson blanc à la parisienne (sauce aux champignons), préemballé;81.5;9;3;3.5;1
Poisson blanc à l'estragon, préemballé;77.2;8.8;4.2;2.8;0
Poisson blanc sauce oseille, préemballé;111;11.8;3;5.5;1
Pâtes fraîches farcies (ex : raviolis, tortellinis, ravioles du Dauphiné), au fromage, préemballées, cuites;226;10;26.8;8.3;1.9
Couscous de légumes, préemballé;108;4.32;16.4;2.25;2.24
Feuilleté ou friand au poisson et/ou fruits de mer, préemballé, à cuire;260;6.55;27.9;13;2.9
Couscous à la viande, préemballé;128;7.59;12.5;4.73;2.53
Gratin de poisson et purée ou brandade aux pommes de terre ou parmentier de poisson, préemballé;117;6.39;8.57;6.15;1.1
Pâtes fraîches farcies (ex : raviolis, tortellinis), au fromage et aux légumes, préemballées, cuites;219;7.94;27.8;7.5;3.4
Pâtes fraîches farcies (ex : raviolis, tortellinis), au boeuf (ex : bolognaise), préemballées, crues;265;11.4;40.3;5.79;3.15
Pâtes fraîches farcies (ex : raviolis, tortellinis), au boeuf (ex : bolognaise), préemballées, cuites;174;6.94;25.1;4.65;2.15
Tajine de mouton, préemballé;131;12.8;4.5;6.83;0
Gratin de légumes, préemballé;106;3.44;6.91;6.7;1.7
Boulettes au boeuf, cuites;217;18.5;5.65;13.3;0.63
Osso buco de veau à la milanaise (jarret de porc , légumes, vin blanc);102;12.5;3.5;4.06;0.6
Spécialité chinoise type bouchée à la vapeur, préemballée, cuite;149;5.9;28;1.4;0.21
Viande en sauce (aliment moyen);109;11.7;4.23;4.7;1.22
Escalope panée, viennoise ou milanaise, veau, cuite;271;22.9;12.6;14.1;0.94
Poulet au curry et au lait de coco, préemballé;125;10.6;4.07;6.9;1.1
Meloukhia, plat à base de boeuf et corète, fait maison;189;10.6;1.2;14.7;4.7
Pâtes fraîches farcies (ex : raviolis, tortellinis, ravioles du Dauphiné), au fromage, préemballées, crues;268;11.3;37.3;7.69;2.23
Pâtes fraîches farcies (ex : raviolis, tortellinis), au fromage et aux légumes, préemballées, crues;262;9.98;41.4;5.69;2.87
Nouilles aux crevettes, préemballées, sautées/poêlées;104;4.88;12.6;3.4;1.6
Boulettes au porc et au boeuf (à la suédoise), préemballées, crues;254;17.4;4.8;18.2;0.8
Risotto, aux légumes, préemballé;120;2.74;18.4;3.8;0
Risotto, aux fruits de mer, préemballé;130;5.47;12.5;6.07;1.15
Risotto, aux fromages, préemballé;195;5.65;30.9;5.16;0.7
Poulet basquaise, préemballé;107;9.3;2.5;6.4;1.3
Ravioli aux légumes, à la sauce tomate, appertisés;91.1;2.88;13.5;2.45;1.7
Pâtes fraîches farcies (ex : raviolis, tortellinis), aux légumes, préemballées, cuites;156;5.19;20.9;4.9;3.7
Boulettes au boeuf et à l'agneau (type kefta), préemballées, crues;220;14.9;9.7;13.3;0.8
Parmentier de canard, préemballé, à cuire;146;6.82;8.51;9.06;1.55
Riste d'aubergines (aubergines, tomates, oignons), préemballée;145;1.05;10.6;10.4;2.6
Pâtes en sauce aux fromages (spaghetti, tagliatelles…), préemballées;163;7.17;15.9;7.4;1.85
Palet ou galette de légumes, préfrit, surgelé;101;2.33;8.67;5.67;3
Palette à la diable, préemballée;102;13;1;4.5;2.5
Langue de boeuf sauce madère, préemballée;180;9.5;4.5;13.5;1
Pâtes fraîches farcies (ex : raviolis, tortellinis), aux légumes, préemballées, crues;255;9.4;41.4;5.06;3.02
Tajine de poulet, préemballé;127;7.54;14.4;3.7;3
Chop suey (porc ou poulet, légumes), préemballé;78.2;5;7.8;3;0
Porc au caramel, préemballé;136;10;11.4;5.4;0.7
Palet ou galette de légumes, préfrit, surgelé, cuit;105;3.31;8.45;5.7;2.6
Saumon farci, préemballé;227;18.8;0.4;16.2;2.4
Boulettes au boeuf, à la sauce tomate, préemballées;117;9;5.5;6.5;0
Paupiette de veau, préemballée, rôtie/cuite au four;276;22;0.48;20.5;0.9
Pâtes fraîches farcies (ex : raviolis, tortellinis), cuites (aliment moyen);198;7.97;25.6;6.48;2.49
Feuille de vigne farcie au riz ou dolmas, égouttée, préemballée;150;2.5;18.6;6.5;2.6
Lasagnes ou cannellonis aux légumes et au fromage de chèvre, préemballés, cuits;179;7;14;10.2;1.4
Choucroute cuisinée aux lardons, sans garniture, égouttée, cuite;75.5;1.38;0;6.6;4.5
Boulettes au boeuf et à l'agneau (type kefta), préemballées, cuites;235;15.7;7.5;15.7;0
Boulettes au porc et au boeuf (à la suédoise), préemballées, cuites;258;14.4;7.7;18.6;0
Bouchées ou émincé végétal au soja et blé (convient aux véganes ou végétaliens), préemballé;157;19.5;6.76;3.7;4.86
Bouchées ou émincé au soja et blé  (ne convient pas aux véganes ou végétaliens), préemballé;185;17.6;8.19;7;5.24
Nuggets ou croquette panée de blé (sans soja), préemballé;284;12.6;22.4;14.9;2.55
Nuggets ou croquette panée de soja et blé (ne convient pas aux véganes ou végétaliens), préemballé;253;14.1;18.5;12.6;4.18
Nuggets ou croquette panée de soja et blé (convient aux véganes ou végétaliens), préemballé;251;15.5;19.7;10.9;5.38
Pané soja et blé (ne convient pas aux véganes ou végétaliens);260;14.4;16.8;13.9;4.39
Bâtonnet pané soja et blé (convient aux véganes ou végétaliens), préemballée;245;16.9;18.8;10;5.41
Pané soja, blé et fromage, type cordon bleu, préemballé;247;15.2;15.1;13.1;3.28
Ravioli au tofu, à la sauce tomate, préemballés;91.7;3.13;12.5;2.7;2.1
Saucisse végétale au blé ou seitan, préemballé;250;27.1;7.53;10.5;4.6
Galette de céréales au fromage (sans soja), préemballée;241;7;27.8;10.3;4.3
Galette de céréales aux légumes (sans soja), préemballée;211;5.31;28;7.6;4.4
Gratin de légumes, fait maison;107;3.15;3.59;8.51;1.7
Paëlla (poulet fruit de mer, chorizo, colin), fait maison;135;6.38;22;2.2;0.8
Nouilles asiatiques instantanées, aromatisées, cuites;164;3.75;21.1;6.9;1
Feuilleté ou friand jambon fromage, préemballé;278;8.46;22.7;16.7;1.9
Feuilleté ou friand au fromage, préemballé, à cuire;283;6.08;26.2;16.9;1.18
Feuilleté ou friand aux escargots, préemballé;321;6.69;23.1;22.1;1.74
Croque-monsieur, jambon, fromage et beurre, fait maison;222.8;14.3;0;18.4;0
Feuilleté ou friand au fromage, préemballé, cuit;302;8.25;28.1;17.1;1.3
Feuilleté ou friand à la viande, préemballé;354;9.59;27.3;22.6;1.63
Hot-dog, préemballé;278;10.9;26.3;13.8;1.6
Pizza au fromage ou pizza margherita, préemballée;224;8.55;29.6;7.41;2.27
Quiche lorraine, préemballée;269;8.39;21.5;16.4;1.39
Crêpe ou galette béchamel et jambon, préemballée;199;7.5;24.3;8;0
Crêpe ou galette béchamel, jambon et fromage, préemballée;179;9.83;16.3;7.9;1.77
Crêpe ou galette béchamel et champignon, préemballée, surgelée;144;4.5;20;5;0.5
Bouchée à la reine, à la viande/volaille/quenelle;296;6.12;24.5;18.9;1.65
Hamburger, de restauration rapide;251;13.3;29.5;8.44;1.8
Cheeseburger, de restauration rapide;290;13.7;22.3;15.8;1.4
Double cheeseburger, de restauration rapide;290;15.5;19.4;16.7;0
Burger au poisson, de restauration rapide;263;12.2;26.7;11.5;1.5
Tarte aux légumes, préemballée;216;5;21.8;11.7;1.7
Croissant au jambon fromage, fait maison;264;7.9;24.8;14.6;1
Rouleau de printemps;103;4.57;16.6;1.82;1.2
Sandwich grec ou kebab, pita, crudités;232;15.2;17;10.9;2.3
Sandwich grec ou kebab, baguette, crudités;272;15;29.9;9.8;2
Sandwich baguette, thon crudités mayonnaise, fait maison;275;10.3;32.1;11.3;1.78
Accra de poisson, préemballé;275;12.4;15.1;17.6;3
Sandwich panini, jambon cru mozzarella, tomates;237;14.2;25.7;8.35;1.4
Pizza jambon fromage, préemballée;228;10.7;26.2;8.49;1.95
Gougère;399;16.2;22.7;26.6;1.9
Samoussa ou samossa ou brick garni, fait maison, cuit;187;12.2;8.48;11.5;0.59
Tarte au fromage, préemballée;271;9.44;20;16.7;1.57
Tarte à la provençale, préemballée;224;5.34;21.8;12.5;1.8
Sushi ou maki aux produits de la mer;171;6.69;26.9;3.7;0.9
Pizza à la viande, type bolognaise, préemballée;214;9.7;27;7.03;2.1
Burritos au boeuf;170;8;14.3;8.5;1.9
Fajita au poulet, préparé maison avec un kit;158;12.7;16;4.5;1.4
Pizza au chorizo ou salami, préemballée;236;9.88;24.7;10.4;2.09
Pizza aux fruits de mer, préemballée;215;9.67;25.2;8.02;1.8
Pizza au saumon, préemballée;232;9.28;26;9.72;1.86
Pizza au chèvre et lardons, préemballée;253;10.3;26.5;11.5;1.35
Pizza aux légumes ou pizza 4 saisons, préemballée;206;7.58;25.1;7.78;2.43
Sandwich baguette, jambon, oeuf, crudités, beurre;225;10.1;31.7;5.98;1.88
Sandwich baguette, poulet crudités mayonnaise, fait maison;263;10.4;34.9;8.54;2.21
Pizza champignons fromage, préemballée;213;8;24.2;8.93;1.8
Pizza aux fromages, préemballée;269;11.2;30.5;10.7;2.06
Sandwich baguette, jambon emmental, préemballé;284;12.7;27.9;12.9;3
Sandwich baguette, saumon fumé beurre;268;11.5;41.7;5.6;2.4
Sandwich baguette, thon maïs crudités, préemballé;193;8.87;23.9;6.03;3.93
Sandwich panini, trois fromages;294;17;25;14;0
Burger au poulet, de restauration rapide;249;12.7;23.8;11;1.2
Bouchée à la reine, au poisson et fruits de mer, faite maison;208;6.72;13.7;13.8;1.05
Brochette de volaille, crue;75.2;18;0.8;0;0
Brochette de boeuf, crue;80;20;0;0;0
Brochette mixte de viande;208;19.7;1.02;13.8;0.33
Feuilleté ou friand jambon fromage, fait maison;338;8.76;29.4;20.3;1.37
Préparation à base de fromage(s) pour fondue savoyarde, préemballée;237;14.9;3.4;17.1;0.2
Gnocchi à la pomme de terre, cuit;178;5.01;34.1;2.05;1.75
Légumes farcis (sauf tomate);91.9;4.71;3.6;6.22;1.34
Nuggets ou croquette panée de volaille, préemballé;247;13.1;18;13.2;1.7
Pan bagnat;205;7.95;27.8;6.48;1.98
Pizza (aliment moyen);234;10;27.4;8.88;2.12
Sandwich baguette, jambon beurre, fait maison;285;11.6;35.1;10.5;1.92
Sandwich baguette, camembert beurre, fait maison;341;11.9;34.8;16.7;1.92
Sandwich baguette, pâté cornichons;304;10.1;33.5;13.9;1.99
Sandwich baguette, saucisson beurre, fait maison;374;13.7;35.2;19.4;1.92
Sandwich baguette, jambon emmental beurre;298;13.4;30.2;13.2;2.5
Sandwich (aliment moyen);280;12.4;30.3;11.7;2.08
Toasts ou canapés salés, garnitures diverses, préemballés;251;9.09;22.4;13.3;2.8
Tomate à la provençale, fait maison;75.7;1.65;6.55;4.32;2
Sauce tomate cuisinée pour pizza;41.5;2.04;4.71;0.75;2.81
Pissaladière, préemballée;265;4.8;26.3;15.1;2.5
Tarte à l'oignon, préemballée;280;7;23.5;17.2;1.9
Sandwich baguette, crudités diverses mayonnaise;224;6.54;30.6;7.9;2.18
Sandwich baguette, dinde crudités mayonnaise;257;12.4;31.2;8.82;1.86
Sandwich baguette, oeuf crudités mayonnaise;249;8.52;31.6;9.47;1.89
Sandwich baguette, porc crudités mayonnaise;272;12;31.2;10.6;1.86
Sandwich baguette, merguez ketchup moutarde;289;13.1;32.7;11.4;1.81
Sandwich baguette, salami beurre;381;12.5;33.9;21.4;1.82
Carpaccio de saumon avec marinade, fait maison;238;16.9;0.22;18.8;0.26
Carpaccio de boeuf, avec marinade (huile, herbes, fromage), fait maison;271;15.2;0.55;23;0.36
Brochette de poisson;127;18;0.86;5.71;0.29
Brochette de crevettes;140;16.4;1.6;7.38;0.7
Brochette d'agneau;137;13.2;2.54;7.93;1.29
Croque-madame, fait maison;261;13.7;16.1;15.5;1.13
Sandwich baguette (aliment moyen);293;11.7;33.2;12.1;2.08
Fromage pané au jambon, préemballé;262;17.4;15.3;14.6;0
Croque-monsieur, préemballé;253;10.6;26.1;11.4;1.98
Pizza jambon fromage champignons ou pizza royale, reine ou regina, préemballée;208;9.5;25.9;6.89;2.23
Crêpe ou galette béchamel et fromage, préemballée;150;6.5;17;6;1
Flammenkueche ou tarte flambée aux lardons, préemballée;300;8.81;31.8;14.8;1.7
Beignet de viande, volaille ou poisson, fait maison, cuit;238;18.7;10;13.5;0.41
Crêpe ou galette béchamel, jambon et fromage et champignon, préemballée;144;6.56;14.7;6.3;1.11
Tarte ou tourte aux poireaux, préemballée;229;5.29;20.9;13.3;2.12
Tarte au saumon, préemballée;251;8.41;24.2;13.2;0.9
Beignet de légumes;140;4;12.1;8;2
Brick à l'oeuf, fait maison, cuit;255;10.4;12.3;18.1;0.5
Samossa ou samoussa ou brick au boeuf, fait maison, cuit;342;10.4;33.5;17;6.8
Brick à la pomme de terre, fait maison, cuit;215;3.25;19.6;13.4;1.7
Tourte au riesling (porc, riesling, champignons), préemballée;251;10.2;23.7;12.6;1.2
Tarte à la tomate, préemballée;225;6;23.4;11.6;1.65
Crêpe ou galette complète (oeuf, jambon, fromage), préemballée;219;15.3;15.2;9.8;4.5
Tarte aux noix de Saint-Jacques, préemballée;222;7.2;21.7;11.5;1.35
Yakitori (brochettes japonaises grillées en sauce);172;26;9.3;3.3;0.6
Brochette de porc, crue;131;15.6;2.1;6.5;1
Pastilla au poulet, préemballée;218;12.3;14.1;12.2;1.5
Pizza aux lardons, oignons et fromage, préemballée;236;8.16;28.3;9.59;1.93
Falafel ou boulette de pois-chiche et/ou fève, vente à emporter;252;8.25;18.7;14.4;7.7
Crêpe ou galette aux noix de Saint-Jacques, préemballée;144;6.1;15.5;6.2;1
Tarte ou quiche salée (aliment moyen);268;8.04;24.3;15.1;1.55
Sandwich pain de mie complet, thon crudités, préemballé;207;9.48;24.3;7.28;3.2
Sandwich pain de mie complet, jambon fromage, préemballé;240;11.2;23.8;10.5;2.7
Sandwich pain de mie complet, poulet crudités, préemballé;199;8.75;23;7.4;3.1
Feuilleté ou friand salé (aliment moyen);311;8.43;27.5;18.2;1.63
Bouchée à la reine, garnie (aliment moyen);252;6.42;19.1;16.3;1.35
Crêpe ou galette béchamel et champignon, préemballée, cuite;172;5.5;18.5;7.7;3.4
Nem ou pâté impérial, au poulet, préemballé, cuit;197;8.06;20.9;8.1;3.3
Nem ou pâté impérial, au porc, préemballé, cuit;237;6.88;22.6;12.7;2.4
Nem ou pâté impérial, aux crevettes et/ou au crabe, préemballé, cuit;213;7.44;23.7;9.2;2.7
Brochette de boeuf, cuite;136;21.9;0.33;5.2;0
Brochette de volaille, cuite;134;23.1;1.39;4;0
Parmentier de canard, préemballé, cuit;168;7;10.5;10.2;1.2
Gratin de légumes en sauce blanche type béchamel, préemballé, cuit;105;3.64;6.74;6.5;1
Boulette végétale au soja et/ou blé, préemballée;211;17.6;7.98;10.6;5.45
Falafel ou boulette de pois-chiche et/ou fève, préemballé;211;7.38;17.7;10.8;6
Galette ou pavé aux lentilles, soja et légumes, préemballé;170;9.71;16.7;5.6;4.76
Galette ou pavé au blé (seitan) et légumes, préemballé;208;12.5;20.8;7.1;3.1
Galette ou pavé au blé et soja (convient aux véganes ou végétaliens), préemballé;215;16;8.15;11;6.03
Galette ou pavé au blé et soja (ne convient pas aux véganes ou végétaliens), préemballé;201;10.2;13.3;10.2;5.36
Galette ou pavé au soja et fromage, préemballé;204;16.8;6.08;12;1.8
Galette ou pavé au soja et légumes, préemballé;175;13.1;8.36;8.1;4.97
Galette ou pavé au soja, fromage et légumes, préemballé;180;15.1;7.72;9.1;2.83
Seitan, préemballé;134;20.6;6.74;2.5;0.9
Sandwich pain de mie complet, jambon, préemballé;246;10.1;26.3;10.5;2.7
Salade de céleri rémoulade, préemballée;114;0.94;3.14;10.2;2.2
Salade de thon et légumes, appertisée;117;9.15;8.13;4.7;2.7
Salade composée avec viande ou poisson, appertisée;110;8.06;6.4;5.3;2
Salade verte, crue, sans assaisonnement;13.5;1.01;1.5;0.1;1.3
Champignons à la grecque, préemballés;76.3;2.07;3.53;5.47;2.35
Salade de pommes de terre, faite maison;127;2.68;9.9;8.2;1.3
Taboulé ou salade de semoule aux légumes, préemballé;179;4.88;23.7;6.7;2.5
Salade de pomme de terre à la piémontaise, préemballée;130;4.5;8.87;8.3;0
Salade de museau de boeuf, avec sauce, préemballée;118;11.7;0.8;7.6;0
Salade de riz, appertisée;127;5.13;16.1;4.35;1.7
Salade de pâtes au fromage et légumes, avec sauce;119;4.4;13.7;4.8;1.7
Crudité, sans assaisonnement (aliment moyen);27.7;0.91;3.06;1.15;1.55
Salade de pâtes aux légumes et poisson ou viande, avec sauce, préemballée;160;6.24;14.2;8.24;1.96
Guacamole, préemballé;191;1.82;4.64;17.2;4.84
Houmous, préemballé;258;8.06;9;19.9;5.18
Tarte au maroilles ou flamiche au maroilles, préemballée;318;14;23;18.3;2.5
Caviar d'aubergine, préemballé;154;1.28;4.4;13.8;3.63
Crêpe ou galette au poisson et / ou fruits de mer, préemballée;190;7;15;11;1.5
Macédoine de légumes en salade, avec sauce, préemballée;129;2.5;3.47;10.7;4
Salade César au poulet (salade verte, fromage, croûtons, sauce), préemballée;151;8.13;4.88;10;2
Salade végétarienne à base de boulgour et/ou quinoa et légumes, préemballée;168;3.79;17.4;8.3;3.3
Sandwich baguette, thon crudités mayonnaise, vente à emporter;232;9.31;28.8;8.5;1.8
Sandwich baguette, jambon beurre, vente à emporter;254;10.4;38.8;6;1.4
Sandwich baguette, jambon emmental, vente à emporter;263;12;34.5;8.2;1.2
Lasagnes ou cannellonis au fromage et aux épinards, préemballés;133;6.1;11.4;6.6;1.87
Sandwich baguette, poulet crudités mayonnaise, vente à emporter;223;10.3;29.7;6.7;1.3
Sandwich baguette, saucisson beurre, vente à emporter;293;10.4;36.9;11.3;1.2
Sandwich baguette, camembert beurre, vente à emporter;303;11.4;32.9;13.7;1.4
Sandwich pain de mie complet, saucisson ou rosette, préemballé;336;11.9;26.3;19.5;3.46
Salade de céleri et carotte rémoulade, préemballée;79.6;1;5.43;5.33;3
Burger au poulet, préemballé;230;12.4;25.2;8.43;1.98
Cheeseburger, préemballé;265;13.6;22.7;13;1.47
Sandwich pain de mie complet, bacon crudités, préemballé;257;9.28;25.8;12.4;2.58
Wrap végétarien fromage crudités;246;9.28;19.5;13.8;3.67
Wrap poulet crudités;222;9.57;23.6;9.22;2.87
Wrap jambon crudités;234;8.55;25.2;10.4;3.07
Crêpe ou galette chèvre, lardon, préemballée;196;8.08;16.3;10.6;1.63
Sandwich pain de mie complet, thon oeuf crudités, préemballé;196;9.78;23.1;6.65;2.64
Sandwich pain de mie complet, saumon fumé, préemballé;206;8.63;24.1;7.69;2.68
Sandwich pain de mie complet, jambon oeuf crudités, préemballé;213;8.97;25.6;7.65;3.2
Sandwich pain de mie complet, jambon fromage crudités, préemballé;227;9.81;22.9;9.92;3.38
Sandwich pain de mie complet, jambon crudités, préemballé;197;8.51;22.4;7.58;2.66
Sandwich pain viennois, jambon oeuf crudités, préemballé;236;9.16;26.6;9.77;2.2
Sandwich pain viennois, thon oeuf crudités, préemballé;229;9.74;26.6;8.73;2.5
Sandwich pain viennois, poulet oeuf crudités, préemballé;218;9.94;27;7.32;2.33
Sandwich pain viennois, poulet crudités, préemballé;234;10.1;26.4;9.28;2.2
Sandwich pain polaire, poulet crudités, préemballé;218;9.81;28.1;7.01;1.9
Sandwich pain polaire, saumon, préemballé;238;10.7;27.2;9.05;2.25
Sandwich pain polaire, jambon fromage, préemballé;266;10.5;27.2;12.3;2.27
Sandwich pain de mie complet, poulet, préemballé;229;11.2;25.3;8.5;3.43
Sandwich baguette, poulet crudités, préemballé;216;9;28.2;7;2.17
Salade de pomme de terre au thon, préemballée;124;5.57;8.13;7.7;0
Salade de pomme de terre à la saucisse, préemballée;156;3.08;8.75;11.6;2.1
Salade composée à base de crudités, charcuterie et fromage, avec sauce, préemballée;153;7.45;4.96;10.9;2.43
Salade composée à base de crudités et produits de la mer, avec sauce, préemballée;120;4.78;7.58;7.5;1.6
Salade composée à base de crudités, oeuf et produits de la mer, avec sauce, préemballée;108;4.76;3.77;7.57;2.8
Salade composée à base de crudités, poulet et fromage, avec sauce, préemballée;150;7.13;5.28;10.8;1.57
Salade composée à base de crudités et poulet, avec sauce, préemballée;88;4.13;4.28;5.35;3.1
Pizza au chèvre, préemballée;241;9.95;27.1;9.86;2.2
Nem ou pâté impérial, préemballé, cuit (aliment moyen);216;7.45;22.4;10;2.8
Soupe aux lentilles, préemballée à réchauffer;63.3;3.19;7.64;1.87;1.59
Soupe à la volaille et aux légumes, préemballée à réchauffer;30.8;3.09;2.6;0.8;0.4
Soupe aux légumes variés, préemballée à réchauffer;36.8;0.84;4.5;1.45;1.23
Soupe de poissons et/ou crustacés, préemballée à réchauffer;50;4.11;2.71;2.35;0.8
Soupe aux légumes variés, déshydratée reconstituée;35.5;0.76;5.7;0.91;0.74
Soupe aux poireaux et pommes de terre, préemballée à réchauffer;37.1;0.91;5.12;1.25;0.88
Soupe à la volaille et aux vermicelles, préemballée à réchauffer;23.2;1.24;3.28;0.56;0.25
Bouillon de viande et légumes type pot-au-feu, prêt à consommer;5.76;0.53;0.24;0.3;0
Soupe à l'oignon, préemballée à réchauffer;60.8;1.64;4.26;3.83;1.38
Soupe aux champignons, préemballée à réchauffer;40.3;0.94;4.1;2.12;0.61
Soupe à la carotte, préemballée à réchauffer;35.8;0.68;4.03;1.61;1.26
Soupe à la tomate, préemballée à réchauffer;36.2;0.76;5.88;0.88;0.95
Soupe chorba frik, à base de viande et de frik;62.9;3.75;5.4;2.5;1.9
Soupe minestrone, préemballée à réchauffer;46.5;1.51;4.97;1.93;1.65
Soupe au pistou, déshydratée reconstituée;27;1.01;4.77;0.28;0.69
Soupe de poissons et/ou crustacés, déshydratée reconstituée;40.9;0.91;5.66;1.54;0.39
Soupe asiatique, avec pâtes, déshydratée reconstituée;38.4;1.12;5.69;1.14;0.47
Soupe marocaine, déshydratée reconstituée;39.9;2.07;6.43;0.46;1.03
Soupe aux poireaux et pommes de terre, déshydratée reconstituée;36.2;0.76;4.93;1.4;0.45
Soupe à la volaille et aux légumes, déshydratée reconstituée;27.3;0.99;4.58;0.44;0.51
Bouillon de boeuf, déshydraté reconstitué;6.14;0.85;0.36;0.15;0
Soupe aux asperges, déshydratée reconstituée;37.4;0.79;5.38;1.34;0.36
Soupe à la tomate et aux vermicelles, préemballée à réchauffer;38;1.2;6.09;0.77;1.01
Soupe aux céréales et aux légumes, déshydratée reconstituée;47.8;1.4;6.8;1.4;1.2
Soupe à la tomate, déshydratée reconstituée;39.6;0.98;6.45;0.98;0.72
Soupe aux champignons, déshydratée reconstituée;37.7;0.66;4.86;1.67;0.33
Soupe à l'oignon, déshydratée reconstituée;19.4;0.5;3.36;0.38;0.34
Soupe au potiron, préemballée à réchauffer;36.2;0.66;4.48;1.51;0.99
Bouillon de volaille, déshydraté reconstitué;7.19;1.23;0.28;0.13;0
Bouillon de légumes, déshydraté reconstitué;4.78;0.34;0.51;0.16;0
Soupe à la tomate et aux vermicelles, déshydratée reconstituée;27.7;0.8;5.36;0.29;0.33
Soupe à la volaille et aux vermicelles, déshydratée reconstituée;21.2;0.78;3.85;0.24;0.32
Soupe au pistou, préemballée à réchauffer;52.6;1.88;3.94;2.8;2.06
Soupe au potiron, déshydratée reconstituée;36.1;0.72;4.95;1.32;0.81
Soupe asiatique, avec pâtes, préemballée à réchauffer;33.5;1.3;4.06;1.23;0.52
Soupe minestrone, déshydratée reconstituée;32.4;1.11;5.56;0.44;1.01
Soupe au cresson, déshydratée reconstituée;25.1;0.42;3.95;0.8;0.19
Soupe au cresson, préemballée à réchauffer;34;1;5.4;0.8;0.6
Soupe aux légumes avec fromage, préemballée à réchauffer;46.3;1.26;4.77;2.26;0.92
Soupe aux légumes verts, préemballée à réchauffer;35;1.13;3.96;1.38;1.16
Soupe aux légumes verts, déshydratée reconstituée;32;0.63;4.84;1.05;0.48
Soupe aux pois cassés, préemballée à réchauffer;48.8;2.47;5.69;1.47;1.47
Soupe froide type gaspacho ou gazpacho, préemballée;40.2;0.81;3.21;2.33;1.07
Soupe aux asperges, préemballée à réchauffer;57.6;1.54;3.8;3.8;1.05
Soupe (aliment moyen);39.5;1.42;4.81;1.42;0.94
Bouillon de viande et légumes type pot-au-feu, non dégraissé, déshydraté;212;11.6;28.9;5.4;0
Bouillon de viande et légumes type pot-au-feu, dégraissé, déshydraté;197;10.8;30.9;3.1;0
Soupe miso, déshydratée reconstituée;16.5;1.24;2.37;0.34;0.1
Soupe aux légumes et aux vermicelles, déshydratée reconstituée;35.6;0.8;6.19;0.77;0.33
Soupe aux légumes et aux vermicelles, préemballée à réchauffer;37;1.07;5.4;1.01;1.01
Soupe au boeuf et aux vermicelles, déshydratée reconstituée;22.6;0.87;4.29;0.15;0.28
Soupe asiatique, avec poulet et pâtes, préemballée à réchauffer;67.6;3.96;6.3;2.75;0.94
Mahi-mahi, chair, cuit;109;23.7;1.47;0.9;0
Mahi-mahi, chair, cru;84.9;18.5;1.15;0.7;0
Saumon fumé, aux cinq baies;199;22.6;1.44;11.4;0
Saumon fumé, à l'aneth et au citron;201;21.2;0.37;12.8;0
Maquereau, filet grillé, appertisé, en sauce, égoutté;259;18.8;0.96;19.7;0.6
Saumon, cuit, sans précision (aliment moyen);205;23.2;0.61;12.2;0
Cabillaud, cuit, sans précision (aliment moyen);100;23.3;0;0.76;0
Hareng fumé, doux;163;18.1;0.44;9.9;0
Anchois, filets, roulés aux câpres, salés, à l'huile, semi-conserve, égouttés;195;22.9;1.56;10.6;0.98
Anchois, filets, marinés à l'huile, semi-conserve, égouttés;167;20.6;0.47;9.08;0
Bar rayé ou bar d'Amérique, cru;113;20.3;0;3.58;0
Carrelet ou plie ou plie commune, pané, frit;271;14.3;15.2;16.8;1
Carrelet ou plie ou plie commune, cuit à la vapeur;93;19;0;1.89;0
Oeufs de lompe ou oeufs de lump, semi-conserve;77.8;10.4;1.01;3.48;0.4
Caviar, semi-conserve;254;25;0;17.1;0
Lieu ou colin d'Alaska, cru;72.6;16.3;0.51;0.61;0
Églefin, cuit à la vapeur;89;20.9;0;0.6;0
Flétan de l'Atlantique ou flétan, cru;96.5;21.2;0;1.31;0
Hareng mariné ou rollmops, préemballé;189;13.7;1.95;13.8;0
Hareng, cru;176;17.7;0;11.7;0
Hareng, frit;201;23;0;12.1;0
Hareng fumé, au naturel;167;16.5;0.5;11;0
Hareng, grillé/poêlé;193;21.6;1;11.4;0
Lieu noir, cuit;99.7;23.1;0;0.81;0
Limande-sole, panée, frite;206;16.7;11.9;10.2;0
Limande-sole, cuite à la vapeur;97.7;17.4;1.9;2.27;0
Lotte ou baudroie, crue;67;15.1;0;0.74;0
Maquereau, rôti/cuit au four;228;21.5;0;15.8;0
Maquereau, frit;186;23.6;0;10.2;0
Merlan, frit;127;23.1;0.55;3.61;0
Merlan, cuit à la vapeur;98.3;23;0;0.7;0
Cabillaud, rôti/cuit au four;94.6;22.3;0;0.6;0
Morue, salée, bouillie/cuite à l'eau;113;26;0;1.01;0
Cabillaud, cuit à la vapeur;106;24.5;0;0.95;0
Mulet, rôti/cuit au four;143;24.8;0;4.86;0
Pilchard, sauce tomate, appertisé, égoutté;157;13;1.5;11;0
Nuggets ou croquette panée de poisson, préemballé;255;13.2;18.4;13.7;2.5
Poisson pané, surgelé, cru;163;11;15.6;6.14;0.9
Poisson pané, frit;194;11.9;13.5;10;0.8
Raie, rôtie/cuite au four;96.3;23;0;0.5;0
Roussette ou petite roussette ou saumonette, cuite;104;25.4;0;0.29;0
Sardine, à l'huile, appertisée, égouttée;217;23.3;0.31;13.7;0
Sardine, sauce tomate, appertisée, égouttée;194;20.2;1.83;11.6;1
Saumon, élevage, cru;193;20.5;0;12.4;0
Saumon fumé;184;22.2;0.13;10.5;0.26
Saumon, cuit à la vapeur;199;23;0.9;11.5;0
Thon, au naturel, appertisé, égoutté;143;26.8;0;3.94;0
Sardine, à l'huile d'olive, appertisée, égouttée;224;23.3;0.11;14.5;0
Thon, rôti/cuit au four;136;29.9;0;1.83;0
Turbot, sauvage, cru;91.5;17.2;0;2.54;0
Cabillaud, cru;77.4;18.1;0;0.57;0
Merlu, cru;82.6;17.6;0;1.35;0
Surimi, bâtonnets, tranche ou râpé saveur crabe;117;7.54;11.8;4.33;0.73
Lieu noir, surgelé, cru;82.4;19.8;0;0.37;0
Merlu, filet, surgelé, cru;88.8;15.1;1.7;2.4;0
Maquereau, cru;198;18.1;0.93;13.5;0
Raie, crue;91.9;21.4;0.5;0.47;0
Thon, cru;155;24;2.72;5.38;0
Carrelet ou plie ou plie commune, cru;88.6;20;0;0.94;0
Oeufs de cabillaud, fumés, semi-conserve;154;29;0.1;4.2;0
Limande, crue;80.8;18.3;0;0.85;0
Sole, crue;77.3;18;0;0.6;0
Sole, cuite à la vapeur;94.6;20.3;0;1.48;0
Sole, rôtie/cuite au four;78.2;15.7;0;1.69;0
Sole, bouillie/cuite à l'eau;69;15;0;1;0
Sole, frite;72.2;15.8;0;1;0
Rascasse ou rascasse de profondeur, crue;87.6;18.9;0;1.33;0
Thon albacore, cru;112;25;1;0.94;0
Sardine, crue;160;19.5;0;9.17;0
Thon listao ou bonite à ventre rayé, cru;97.1;22;0;1.01;0
Thon rouge, cru;157;23.3;0.59;6.81;0
Bar commun ou loup, cru;86.1;19.1;0.9;0.7;0
Raie, cuite au court-bouillon;97.8;23.2;0;0.57;0
Roussette ou petite roussette ou saumonette, crue;97.8;23.3;0;0.5;0
Loup de l'Atlantique, cru;89.9;16.6;0;2.61;0
Thon germon ou thon blanc, cru;121;27.2;0;1.37;0
Thon germon ou thon blanc, cuit à la vapeur sous pression;165;30;0;5.06;0
Anchois, cru;129;18.6;0;6.07;0
Dorade royale ou daurade ou vraie daurade, sauvage, crue;95.6;18.1;0.6;2.31;0
Lotte ou baudroie, grillée/poêlée;98.2;23;0;0.68;0
Espadon, cru;134;18.9;1;5.97;0
Éperlan, cru;85.4;17.5;0;1.7;0
Cardine franche, crue;93.4;19.9;0;1.53;0
Rouget-barbet de roche, cru;158;18.4;0;9.37;0
Maquereau, filet sauce tomate, appertisé, égoutté;240;17.7;5.5;16.3;0.1
Maquereau, fumé;289;19.8;0.92;22.9;0
Dorade royale ou daurade ou vraie daurade, élevage, crue;129;20.9;0;5.1;0
Haddock (fumé) ou églefin fumé;97;22.6;0;0.73;0
Mulet, cru;118;20.1;1.35;3.62;0
Truite de mer, crue;114;19.6;0.81;3.63;0
Espadon, rôti/cuit au four;266;28.7;0;16.9;0
Turbot, rôti/cuit au four;121;21.3;0.83;3.64;0
Merlan, cru;79.2;18.8;0;0.47;0
Maquereau, filet sauce moutarde, appertisé, égoutté;218;20.8;1.5;14.2;0.67
Maquereau, filet au vin blanc, appertisé, égoutté;202;17.8;1;14.1;0
Morue, salée, sèche;210;47.6;1.1;1.67;0
Dorade grise ou daurade grise, ou griset, crue;129;20.5;0;5.27;0
Bogue, crue;92.1;17.9;0.53;2.03;0
Bonite ou bonite à dos rayé, crue;161;22.3;0;8.01;0
Maquereau espagnol ou maquereau blanc ou billard, cru;135;22.1;0;5.15;0
Denté ou denté commun, cru;102;17;0.65;3.5;0
Saint-Pierre, cru;86.7;19.9;0;0.8;0
Grondin, cru;108;19;3.4;2;0
Corb, cru;87.2;20;0;0.8;0
Capelan, cru;90;18.7;0;1.71;0
Dorade rose ou daurade rose ou pageot rose, crue;102;21;0;2;0
Rouget-barbet de roche, vapeur;143;24.1;0;5.2;0
Saupe, crue;96.5;18;0.5;2.5;0
Chinchard, cru;116;19;0;4.42;0
Saumon, appertisé, égoutté;144;21;4.9;4.5;0
Merlu, cuit à l'étouffée;112;21.2;0;3;0
Églefin, cru;76.2;17.3;1.02;0.35;0
Maquereau, filet (grillé ou non), au naturel, appertisé, égoutté;221;18.8;0.02;16.2;0
Merlan, pané;190;12.6;13;9.57;0.9
Cabillaud ou morue du Pacifique, cru;64.8;15.3;0;0.41;0
Églefin, grillé/poêlé;84.9;20;0;0.55;0
Congre ou congre commun, cru;127;18.3;3.15;4.6;0
Grenadier (de roche), cru;68.9;15.4;0;0.81;0
Lieu jaune ou colin, cru;75.5;17.7;0;0.51;0
Julienne ou lingue, crue;80.8;19.2;0;0.44;0
Tacaud, cru;81.3;19.7;0;0.33;0
Lieu noir, cru;82.5;18.8;0;0.8;0
Limande-sole, crue;80.6;17;0;1.4;0
Sardine,  grillée/poêlée;194;25.1;0;10.4;0
Poisson cuit (aliment moyen);142;22.5;0.32;5.62;0
Foie de morue, cru;623;5;1;66.6;0
Foie de morue, appertisé, égoutté;433;7.25;1;44.4;0
Vivaneau, cru;94.1;20.5;0;1.34;0
Vivaneau, cuit;121;26.3;0;1.72;0
Rascasse ou rascasse de profondeur, cuite à la vapeur;126;24.6;0;3.1;0
Oeufs de truite, semi-conserve;209;26.3;4;9.5;1
Lieu ou colin d'Alaska, fumé;81.3;18.3;0;0.9;0
Sabre, cru;125;18;0;5.9;0
Flétan du Groënland ou flétan noir ou flétan commun, cru;168;13.5;0;12.7;0
Carangue, cru;104;19.9;0;2.7;0
Coulirou, cru;70.9;17.5;0;0.1;0
Saumon, sauvage, cru;166;21;0;9.17;0
Requin, cru;115;20.8;1.34;2.91;0
Orphie commune, crue;145;20;3.06;5.91;0
Lompe, crue;168;10;0;14.2;0
Brème, cru;108;16.9;1.03;4;0
Omble chevalier, cru;103;19.8;0;2.7;0
Loup tacheté, cru;108;16.3;0;4.8;0
Sprat, cru;189;19.8;0.57;11.9;0
Turbot, cru;85.5;17.9;0;1.55;0
Corégone lavaret ou lavaret, cru;115;20.5;0;3.72;0
Anchois, filets, salés, à l'huile, semi-conserve, égouttés;199;24.9;0;11;0
Mérou, cru;85.2;18.6;0.72;0.86;0
Thon germon ou thon blanc, à l'huile d'olive, appertisé, égoutté;192;31.3;1.01;6.95;0
Thon à l'huile de tournesol, entier, appertisé, égoutté;206;23.3;0.76;12.2;0
Thon albacore, au naturel, appertisé, égoutté;127;24.8;3.67;1.46;0
Maquereau, mariné;185;16.3;0;13.3;0
Lieu jaune ou colin, cuit;97.8;24.4;0;0;0
Lingue bleue, crue;79.6;18.9;0;0.44;0
Sole tropicale ou sole-langue, crue;70.3;15.7;0.53;0.58;0
Turbot, élevage, cru;109;18.3;0;3.94;0
Bar commun ou loup (Méditerranée), sauvage, cru;97.9;20.1;0;1.94;0
Bar commun ou loup (Méditerranée), élevage, cru;124;21.4;0;4.25;0
Baudroie rousse ou Lotte, crue;70.2;16.7;0;0.37;0
Sébaste du nord ou grand sébaste, ou dorade sébaste, ou daurade sébaste, crue;89.5;18.8;0;1.6;0
Saumon, élevage, cuit au micro-onde;200;24.2;0;11.4;0
Hoki, tout lieu de pêche, cru;92.3;17.8;0;2.36;0
Hoki de Nouvelle-Zélande, cru;75.5;15.6;0;1.46;0
Saumon, élevage, bouilli/cuit à l'eau;193;25;0;10.3;0
Grondin perlon, cru;97.4;20.3;0;1.79;0
Dorade grise ou daurade grise ou griset, rôtie/cuite au four;127;22.9;1.43;3.3;0
Saumon argenté du Pacifique (coho), cru;147;21.4;0;6.8;0
Saumon, grillé/poêlé;223;25.5;0;13.5;0
Saumon, élevage, rôti/cuit au four;214;22.1;0.98;13.5;0
Sardine, filets sans arêtes à l'huile d'olive, appertisés, égouttés;202;23.2;1.16;11.6;0
Hareng fumé, à l'huile;168;15.1;2;11;0
Merlu blanc du Cap, surgelé, cru;78;16.1;0;1.52;0
Julienne ou lingue, cuite;98;24.5;0;0;0
Chinchard maigre, cru;96.7;18.7;0;2.42;0
Chinchard gras, cru;147;19.6;0;7.66;0
Hareng maigre, cru;111;18.3;0;4.22;0
Hareng gras, cru;175;18.7;0.77;10.8;0
Surimi, fourré au fromage frais;148;6.6;9.24;9.3;0
Joëls (petits poissons entiers) pour friture, crus;88.9;17.5;0;2.1;0
Empereur, filet, sans peau, cru;73.5;15;0;1.5;0
Thon à la tomate, miettes, appertisées, égouttées;140;13;4.33;7.67;0.67
Thon, à la catalane ou à l'escabèche (sauce tomate), appertisé;149;12;6;8.6;0
Rouget-barbet, filet avec peau, surgelé, cru (Thaïlande,Vietnam, Sénégal…);96.7;16.3;0;3.5;0
Thon à l'huile de tournesol, miettes, appertisées, égouttées;227;23.4;0;14.8;0
Flétan du Groënland ou flétan noir ou flétan commun, cuit à la vapeur;179;17.3;1.28;11.6;0
Sole, grillée/poêlée;94.4;23.6;0;0;0
Poisson blanc, cuit (aliment moyen);114;22;0.32;2.74;0
Ficelle picarde, préemballée;151;8.6;11.9;7.5;0.6
Salade de carottes râpées, avec sauce, préemballée;74.2;0.84;5.67;4.77;2.61
Salade de betterave, avec sauce, préemballée;59.4;1.44;5.11;3;2.7
Salade de chou et carotte ou coleslaw, avec sauce, préemballée;105;0.94;5.78;8.1;3
Salade de concombre à la crème/fromage blanc, préemballée;77.9;1.06;0.58;7.5;1.5
Salade de lentilles et saucisse fumée, préemballée;177;7;8.9;11.8;3.6
Salade grecque, avec sauce, préemballée;81.5;2;1.4;7.1;2
Salade de riz au thon et légumes, avec sauce, préemballée;145;5.08;16.8;5.98;1.77
Gnocchi à la pomme de terre, à cuire;176;4.66;35;1.42;2.2
Gnocchi à la semoule, à cuire;200;6.2;37;2.6;1.9
Croissant au jambon fromage, préemballé;258;8.92;22;14.5;2
Tarte épinard chèvre, préemballée;233;6.69;21.3;13.1;1.48
Tielle sétoise, préemballée;285;8.5;29.4;14.4;1.8
Taboulé ou salade de semoule au poulet, préemballé;176;5.9;20.1;7.45;2.47
Pizza au thon, préemballée;235;10.2;23.7;10.6;2.15
Pizza kebab, préemballée;211;9.4;26.6;7.01;1.85
Pizza au poulet, préemballée;211;9.88;28.2;6.09;2.07
Pizza type raclette ou tartiflette, préemballée;246;9.66;27.3;10.4;1.9
Pizza au speck ou jambon cru, préemballée;234;10.9;27.4;8.53;2.17
Oeufs de saumon du Pacifique, semi-conserve;240;30.8;5.16;10.5;1
Salade de pâtes au surimi, avec sauce, préemballée;208;4.19;14.1;14.5;1.7
Salade Alaska au surimi, ananas, carottes, avec sauce, préemballée;170;3.81;7.12;13.4;2.3
Salade de pâtes au poulet, fromage et crudités, avec sauce, préemballée;175;8.19;12.4;9.5;2.2
Salade de pâtes aux poulet, oeuf, fromage et crudités, avec sauce, préemballée;167;8.19;12.4;8.7;2.2
Salade de pâtes au jambon cru, fromage et crudités, avec sauce, préemballée;191;7.31;15.1;10.6;2.2
Salade de chou rouge, avec sauce, préemballée;103;1.23;4.73;8.25;2.25
Salade de pâtes au poulet et crudités, avec sauce, préemballée;131;5.91;13.5;5.52;1.9
Anchois, filets, marinés à l'orientale (huile, piments…), semi-conserve, égouttés;165;19.6;0.48;9.19;1.09
Anchois, filets, salés, à l'huile de tournesol, semi-conserve, égouttés;211;24.5;0.54;12.3;0
Anchois, filets, salés, à l'huile d'olive, semi-conserve, égouttés;197;25;1.36;9.9;1.1
Saumon, sauvage, fumé;121;23.6;0.05;2.91;0
Saumon, élevage, fumé;188;22.1;0.14;11;0
Sardine, à l'huile de tournesol, appertisée, égouttée;219;23.5;0.27;13.8;0
Sardine, à l'huile d'arachide, appertisée, égouttée;223;21.2;1.07;14.9;0
Anchois, filets, marinés, semi-conserve, égouttés (aliment moyen);186;20.3;0.48;11.3;0.73
Truite saumonée, sautée/poêlée;146;22;0;6.4;0
Anguille, cuite (aliment moyen);213;22.1;0;13.8;0
Anguille, rôtie/cuite au four;229;23.6;0;15;0
Anguille, bouillie/cuite à l'eau;197;20.5;0;12.7;0
Brochet, rôti/cuit au four;100;23.1;0;0.88;0
Carpe,  élevage, crue;114;17.7;0;4.76;0
Carpe, rôtie/cuite au four;151;21.6;0;7.17;0
Perche ou perche européenne, rôtie/cuite au four;119;22.1;0;3.42;0
Truite, rôtie/cuite au four;183;26.6;0;8.47;0
Truite ou truite fario, cuite à la vapeur;99.4;19;0;2.6;0
Truite ou truite fario, élevage, crue;133;19.3;0;6.22;0
Truite arc en ciel, élevage, crue;132;19;0;6.24;0
Perche ou perche européenne, crue;84.6;17.9;0.6;1.19;0
Brochet, cru;87.7;18.8;1;0.94;0
Esturgeon d’Europe occidentale, cru;127;17.7;0.87;5.84;0
Truite arc en ciel, élevage, rôtie/cuite au four;143;21.5;0;6.33;0
Truite arc en ciel, élevage, cuite à la vapeur;117;20;0;4.14;0
Anguille, crue;240;16.1;2.06;18.6;0
Pangas, poisson-chat, machoiron, cru;65.2;13.5;0;1.27;0
Pangas, poisson-chat, machoiron, cuit;79;17.5;0;1;0
Tilapia, cru;91.6;18.1;0;2.13;0
Truite saumonée, crue;143;19.2;0;7.4;0
Lotte de rivière, crue;77;17.8;0;0.66;0
Sandre, cru;87.2;18.3;1.06;1.08;0
Perche du Nil, crue;82.4;19.1;0;0.68;0
Truite, élevage, fumée;171;22.3;3.17;7.69;0.28
Bar commun ou loup, rôti/cuit au four;151;22.2;1.02;6.51;0
Dorade royale ou daurade ou vraie daurade, rôtie/cuite au four;148;23.6;0;5.9;0
Porc, épaule crue;178;18.9;0.38;11.2;0
Porc, poitrine crue;253;17;0;20.5;0
Porc, palette crue;208;24.8;0;12.1;0
Porc, épaule cuite;253;30;0;14.8;0
Porc, côte crue;164;19.8;0.38;9.3;0
Porc, côte grillée/poêlée;211;29.6;0;10.3;0
Porc, rouelle de jambon crue;149;20.2;0;7.56;0
Porc, rouelle de jambon cuite;266;36.9;0;13.1;0
Porc, carré cru;146;22.7;0.4;5.94;0
Porc, carré cuit;206;34.1;0.6;7.45;0
Porc, filet maigre, en rôti, cuit;198;28.3;0;9.39;0
Porc, filet mignon cuit;168;26.1;0;7.1;0
Porc, filet mignon cru;123;21.2;0.4;4.09;0
Porc, viande, cuite (aliment moyen);207;29.4;0.22;9.89;0
Porc, rôti cru;153;22.3;0.5;6.86;0
Porc, rôti cuit;163;30.5;0.65;4.31;0
Porc, échine crue;238;17.1;0.1;18.8;0
Porc, travers cru;237;18;0.6;18;0
Porc, travers braisé;332;23.1;0;26.6;0
Porc, échine rôtie/cuite au four;295;26.2;0;21.2;0
Porc, escalope de jambon crue;129;21.5;0;4.76;0
Porc, escalope de jambon cuite;200;36;0;6.2;0
Porc, bardière découennée crue;744;4.51;0.1;80.6;0
Porc, gorge découennée crue;475;11.6;0.14;47.5;0
Porc, hachage sans jarret, sans bateau, découenné, dégraissé, désossé, cru;187;18.9;0.23;12.3;0
Porc, jambon sans jarret, sans bateau, découenné, dégraissé, désossé, cru;141;20.9;0.28;6.3;0
Porc, jambonneau arrière, découenné, dégraisssé, désossé, cru;148;20.2;0.28;7.31;0
Porc, maigre 90/10 cru;212;18.8;0.24;15.1;0
Porc, maigre 80/20 cru;293;17.3;0.26;24.7;0
Porc, palette, découennée, dégraissée, désossée, crue;174;19.9;0.25;10.4;0
Porc, poitrine cutter, sans mouille, crue;323;15.9;0.22;28.7;0
Porc, rôti filet avec chaînette, cru;146;22.3;0.37;6.2;0
Lardon nature, cru;269;16.6;1.01;22.1;0.38
Poitrine de porc en salaison, fumée, crue;303;15.6;0.79;26.1;1
Bresaola;172;32.8;0.49;4.3;0
Lardon nature, cuit;324;23.8;2;24.5;0
Corned-beef, appertisé;191;23.2;0;10.9;0
Poitrine de porc en salaison, nature, crue;288;15.7;0.76;24.7;0.29
Oreille de porc demi-sel;228;22.5;0.6;15.1;0
Pied de porc demi-sel;137;11.6;0.01;10;0
Poitrine de porc demi-sel;270;16.8;1.3;22;0
Jambon de porc à cuire ou jambon à rôtir/cuire au four;163;18.8;1.75;9;0
Lardon fumé, cru;272;16.7;0.35;22.6;0.34
Lardon, cru, à teneur réduite en sel;246;17.9;0.78;19;0.13
Lardon fumé, cuit;277;14.7;4.8;22.1;0
Filet de bacon;118;23.1;0.7;2.6;0
Jambon cru;239;25.9;4.27;13.2;0
Jambon cru fumé;246;24.2;0.98;16.1;0
Jambon cuit, fumé;135;20;0.79;5.8;0.1
Jambon cru fumé, allégé en matière grasse;142;27.7;0.1;3.4;0
Jambon de Bayonne;243;28;4.51;12.6;0
Jambon sec;230;28.7;0.48;12.6;0
Jambon sec de Parme;248;27.2;0.3;15.4;0
Jambon sec Serrano;235;30.4;0.76;12.3;0
Coppa;284;25;1;20;0
Pancetta ou poitrine roulée sèche;349;20.2;2.49;28.8;0
Viande des Grisons;207;38.9;0.56;5.47;0
Jambon cuit, supérieur;113;21;0.76;2.83;0
Jambon cuit, supérieur, avec couenne;118;20.4;0.91;3.59;0.25
Jambon cuit, supérieur, découenné;117;20.5;0.77;3.52;0.05
Jambon à l'os braisé;198;21.6;0.3;12.3;0
Jambon cuit, supérieur, découenné dégraissé;115;20.3;0.14;3.66;0.32
Jambon cuit, supérieur, dégraissé découenne, à teneur réduite en sel;121;20.8;0.74;3.83;0
Jambon cuit, choix;125;19.5;1.7;4.5;0.08
Épaule de porc, cuite, choix, découennée dégraissée;124;18;2.8;4.5;0
Jambon cuit, choix, avec couenne;137;19.4;0.55;6.3;0
Jambon cuit, choix, découenné dégraissé;115;19.6;1.88;3.24;0.15
Rond de jambon cuit;182;20.3;1.4;10.6;0
Dés, allumettes, râpé ou haché de jambon;120;17.9;2.08;4.46;0.36
Épaule de porc, cuite, standard, découennée dégraissée;123;13.7;2.89;5.98;1.3
Jambon cuit, de Paris, découenné dégraissé;115;20;1.08;3.42;0
Haché de volaille;137;17.7;3.5;5.68;0.63
Dés, allumettes, râpé ou haché de jambon de volaille;132;18;1.58;5.88;0.5
Jambonneau, cuit;157;20;5.43;6;0.4
Jambon de poulet ou blanc de poulet en tranche;105;20.7;1.39;1.79;0.53
Jambon de dinde ou blanc de dinde en tranche;99.3;20.9;0.02;1.67;0.39
Jambon de volaille ou blanc de volaille, à teneur réduite en sel, en tranche;108;21.3;1.6;1.65;0.71
Rôti de volaille en salaison, cuit;109;22;1.28;1.73;0.44
Boisson au soja et jus de fruits concentrés, préemballée;56.2;2.3;9.5;1;0
Chipolata cuite;283;18.8;0.8;22.4;0
Saucisse de Toulouse cuite;279;18.8;1.28;22.1;0
Chair à saucisse crue;323;14.7;0.6;29.1;0
Chair à saucisse, pur porc, crue;258;16.9;0;21.2;0
Farce porc et boeuf crue;309;11.8;4.4;26.5;2.6
Saucisse fumée à cuire;336;15.6;0;30.4;0
Saucisse de Morteau;398;16;1.17;36.6;0
Saucisse de Montbéliard, à cuire;322;17.3;1.72;27.3;0
Saucisse de Morteau bouillie/cuite à l'eau;323;15.2;0;29.1;0
Saucisse de Toulouse crue;321;13.3;0.64;29.5;0
Chipolata crue;253;15.8;1;20.6;0.4
Saucisse alsacienne fumée ou gendarme;300;19;0;24.9;0
Saucisse de volaille façon charcutière;239;15.6;1.14;19.1;0
Saucisse de volaille type knack;236;14;1.82;18.9;0
Saucisse de Francfort;279;13.7;3.37;23.4;0
Merguez crue;301;13.8;1.15;26.8;0
Merguez crue (aliment moyen);381;12.8;0;36.3;0
Merguez, pur boeuf, crue;436;11;0;43.5;0
Merguez, boeuf et porc, crue;415;11.5;0;41;0
Merguez, boeuf, mouton et porc, crue;358;14.6;0;33.3;0
Merguez, boeuf et mouton, cuite;283;19.8;1.8;21.8;0
Merguez, boeuf et mouton, crue;315;14;2.8;27.6;0
Saucisse de foie;374;11.7;0.9;35.9;0.3
Diot cru;342;18;0;30;0
Haché végétal à base de soja, préemballé;143;11.5;7.01;5.8;5.23
Saucisson sec;418;24.2;5.48;33.1;0.73
Saucisson sec pur porc;417;28.7;1.79;32.3;0
Saucisson sec pur porc, qualité supérieure;368;27.7;2.1;27.6;0
Rosette ou fuseau;392;24.2;4.86;30.7;0
Saucisson sec de Lyon pur porc;255;12.8;0.83;22;1
Saucisse sèche;460;27.3;4.04;37.1;0.59
Saucisson sec aux noix et/ou noisettes;477;27.7;1.78;39.7;0.75
Pavé au poivre (charcuterie);374;23.5;1.51;30.3;0.83
Saucisson sec allégé en matière grasse;286;34.6;1.57;15.7;0.5
Chorizo;425;23.5;1.24;36.1;0.93
Chorizo supérieur, doux ou fort, type saucisse sèche;474;20.9;1.87;41.9;0.53
Chorizo supérieur, doux ou fort, type charcuterie en tranches;320;22.6;1.47;23.9;0.3
Salami;457;17.7;2.59;41.8;0
Salami pur porc;446;17;0.75;41.5;0.5
Salami type danois;455;14.5;2.42;43;0
Saucisson à l'ail;276;15;0.56;23.6;0.63
Saucisson pur porc cuit;322;13.8;1.3;29;0
Saucisson brioché, cuit;303;14.7;20.9;17.4;2
Cervelas;278;11.9;1.56;24.8;0.4
Cervelas obernois;305;13;1;27.5;0.6
Cervelas à l'ail, pur porc;297;12.5;0.2;27.4;0
Saucisse de Strasbourg ou knack, à cuire;291;12.4;1.39;25.9;1.37
Saucisse de Strasbourg ou knack, à teneur réduite en sel, à cuire;284;12;1.5;25.3;0.8
Saucisse cocktail;290;12.7;1.46;25.9;0.27
Saucisse viennoise crue;233;10.3;0;21.3;0
Saucisse de jambon pur porc;236;15.7;3.96;17.5;0
Saucisse de bière;319;13;0;29.7;0
Saucisse de langue à la pistache;294;15.3;0;25.8;0
Saucisse (aliment moyen);286;17.4;1.22;23.4;0.24
Mortadelle;310;15.2;0.69;27.4;0
Mortadelle, pur porc;310;14.8;4.46;25.8;0
Mortadelle, porc et boeuf;304;16.4;2.53;25.4;0
Mortadelle pistachée pur porc;317;14.4;0.42;28.2;1.97
Saucisson de cheval type cervelas;244;14.2;1.4;20;0
Gelée, autres fruits ou mélange de fruits (extra ou classique);252;0.1;61.9;0.1;1.25
Confiture, autres fruits ou mélange de fruits, allégée en sucres (extra ou classique);162;0.75;38;0.21;1.8
Marmelade ou confiture d'autres agrumes ou mélange d'agrumes (extra ou classique);243.1;0.33;59.5;0.2;0.99
Marmelade ou confiture d'orange, allégée en sucres;166.03;0.25;40.6;0.06;1.03
Charcuterie (aliment moyen);241;18.6;1.94;17.5;0.27
Confiture de mûre (extra ou classique);245;0.44;58.3;0.63;1.3
Gelée de mûre (extra ou classique);245;0.53;60;0.28;0.73
Confiture de rhubarbe (extra ou classique);239;0.26;58.6;0.06;1.53
Confiture de pêche (extra ou classique);242;0.27;59.5;0.07;1.16
Confiture de figue (extra ou classique);243;0.63;59.1;0.17;1.31
Confiture de fraise, allégée en sucres;166;0.31;40.3;0.1;1.37
Confiture d'abricot, allégée en sucres;167;0.41;40.5;0.07;1.33
Confiture de framboise, allégée en sucres;167;0.68;39.2;0.14;2.98
Gelée de framboise (extra ou classique);249;0.56;61;0.1;0.86
Confiture ou marmelade, tout type de fruits, sans précision sur la teneur en sucres (aliment moyen);235;0.36;57.1;0.27;1.34
Barre chocolatée biscuitée;492;5.56;61.4;24.1;3.7
Barre chocolatée non biscuitée enrobée;496;3.7;66.4;24.1;0.6
Barre à la noix de coco, enrobée de chocolat;475;3.88;60.2;23.8;3
Chocolat au lait, tablette;550;7.5;58.9;30.8;2.9
Chocolat noir 50 % de cacao environ, tablette;521;5.98;53;29.6;8.31
Confiture ou marmelade ou gelée, tout type de fruits, non allégée en sucres (aliment moyen);244;0.33;59.3;0.28;1.29
Chewing-gum, sucré;360;0.25;86.4;0.65;4
Miel;331;0.65;82.1;0;0
Chocolat au lait aux céréales croustillantes, tablette;515;7.15;60.6;26.6;2.59
Chocolat blanc, tablette;563;6.16;57.1;34.2;1
Barre ou confiserie chocolatée au lait;551;8.75;50.9;34.2;1.7
Sorbet, bâtonnet;103;0.23;24.8;0.28;0.34
Pâte de fruits;336;1.69;76.6;1.8;3.9
Sucre blanc;399;0;99.7;0;0
Sucre roux;393;0.12;98.1;0;0
Chocolat au lait aux fruits secs (noisettes, amandes, raisins, praline), tablette;559;8.43;48.7;35.9;3.52
Chocolat au lait sans sucres ajoutés, avec édulcorants, tablette;487;5.75;54.2;34.6;2
Ecorce d'orange confite;307;0.59;75.6;0.08;1.1
Marron glacé;320;0.89;77.5;0.54;2.67
Confiture de fraise (extra ou classique);248;0.25;60.5;0.5;0.7
Chocolat blanc aux fruits secs (noisettes, amandes, raisins, praliné) , tablette;579;7.64;48;39.1;2.43
Fruit confit;297;0.25;72.4;0.06;3.3
Bonbon dragéifié;378;0.53;89.9;1.94;0.13
Chocolat noir sans sucres ajoutés, avec édulcorants, en tablette;525;8.48;34.1;42.3;10.2
Pâte à tartiner chocolat et noisette;549;5.02;57.9;32.4;3.23
Sirop d'érable;269;0.04;67.2;0.06;0
Barre glacée chocolatée;354;4.79;37;20.5;1.36
Dragée amande;465;5.25;75.7;14.7;4.6
Confiture d'abricot (extra ou classique);246;0.25;59.7;0.3;1.1
Confiture de cerise (extra ou classique);238;0.48;58.1;0.19;1.1
Marmelade d'orange ou confiture d'orange (extra ou classique);245;0.25;59.3;0.4;1.5
Confiture de lait;340;6.84;61.7;7.35;0
Confiserie au chocolat dragéifiée;505;5.49;64.9;24.3;1.98
Cacahuète enrobée de chocolat dragéifiée;499;9.5;55.9;25;5.9
Sucre vanillé;397;0.1;98.6;0.33;0.37
Caramel liquide ou nappage caramel;324;0;81;0;0
Gélifiant pour confitures;278;0;62;0;15
Guimauve ou marshmallow;336;3.31;80.7;0.08;0.01
Praline;483;8.7;67.7;19.7;0
Confiture de prune, par ex. mirabelle, quetsche, reine-claude (extra ou classique);240;0.28;58.9;0.09;1.27
Chewing-gum, sans sucres;206;0.22;76;0.25;1.95
Bonbon dur et sucette;384;0.16;95.3;0.18;0.91
Bonbon gélifié;339;4.88;76.9;0.53;1.5
Confiture de framboise (extra ou classique);232;0.56;55.2;0.17;2.69
Bouchée chocolat fourrage fruits à coques et/ou praliné;558;9.1;51.5;34.7;2.1
Édulcorant à la saccharine;5;1.25;0;0;0
Rocher chocolat fourré praliné;558;6.53;51.4;35.3;3.88
Mélasse de canne;300;0;74.7;0.1;0
Confiture de myrtille (extra ou classique);245;0.25;58.9;0.4;2.1
Chocolat noir aux fruits (orange, framboise, poire), tablette;539;6.8;45.3;34.4;10.3
Chocolat noir aux fruits secs (noisettes, amandes, raisins, praline), tablette;567;8.69;40.7;39;8.4
Barre chocolatée aux fruits secs;494;7.23;57.6;26;1.53
Chocolat noir fourrage confiseur à la menthe;445;2.9;70.2;16;4
Gâteau moelleux fourré au chocolat et au lait, enrobé de chocolat, préemballé, rayon frais;449;5.95;42.4;28;1.6
Chocolat noir 70 % de cacao environ, de dégustation, tablette;591;10.4;26.9;46.3;12.8
Edulcorant à base de sucre et aspartame (petits morceaux);398;0.81;98.7;0;0
Fructose;399;0;99.8;0;0
Chocolat noir fourré praliné, tablette;559;6.38;52.4;34.8;5.07
Bonbon tendre, au caramel;415;2.23;79.1;9.98;0.19
Préparation de fruits divers (en taux de sucres : confitures allégées en sucres < préparations de fruits < confitures);195;0.48;47.3;0.17;1.94
Confiture, autres fruits ou mélange de fruits (extra ou classique);244;0.36;59.8;0.15;1.47
Chocolat au lait fourré au praliné, tablette;559;7.29;52.9;34.9;2.51
Chocolat noir 40% de cacao et plus, à pâtisser, tablette;546;6.39;51.4;33.1;8.76
Édulcorant à base d'extrait de stévia;1.2;0.16;0.3;0;0
Sirop d'agave;317.5;0.25;78;0.5;0
Bouchée/bonbon au chocolat fourrage gaufrettes ou biscuit;521;6.5;55.1;29.4;4.92
Calisson d'Aix en Provence;440;7.97;59.8;18;3.1
Guimauve ou marshmallow, enrobé de chocolat;383;4.4;67.5;10.5;0.45
Bonbon dur, au caramel;416;1.33;86.6;7.09;0.13
Gelée de groseille (extra ou classique);244;0.25;59.7;0.04;0
Bonbon tendre;392;0.94;84.3;5.1;1.5
Barre chocolat au lait avec nougat;532;5.8;60.5;29;2.9
Barre céréalière pour petit déjeuner au lait, au chocolat ou non, enrichie en vitamines et minéraux;382;7.06;79.5;3.2;4.5
Barre céréalière "équilibre" aux fruits, enrichie en vitamines et minéraux;382;6.13;73.3;6.53;4.13
Barre céréalière "équilibre" au chocolat, enrichie en vitamines et minéraux;407;5.99;70.3;10.9;3.7
Barre céréalière diététique hypocalorique;391;5.9;71;11.2;5.8
Barre céréalière au chocolat;451;6.55;73;14.9;4.5
Gelée royale;88;13;0;4;0
Pollen, partiellement séché;358;21.9;52.5;4.2;11.3
Pollen, frais;304;17.5;42.3;5.17;9.07
Bonbon gélifié à la réglisse, type rouleau ou batonnet;347;3.62;75.6;1.55;8.18
Barre céréalière aux fruits;379;5.49;74.1;7.07;3.8
Barre céréalière aux amandes ou noisettes;444;8.69;60.6;18.2;4.6
Barre céréalière au chocolat et aux fruits;419;5.7;70.4;11.8;4.04
Chocolat, tablette (aliment moyen);552;7.57;50.4;34.2;5.96
Chewing-gum, sans précision sur la teneur en sucres (aliment moyen);263;0.23;79.9;0.4;2.71
Bonbon tendre, au caramel enrobé de chocolat;446;3.29;69.6;16.8;1.8
Bonbon dur type collier, sifflet, sucette, pastille, au dextrose;376;0.02;91.1;1.35;0
Pastille rafraîchissante, sans sucres;241;0.08;96.3;0.65;0.4
Pastille rafraîchissante, sucrée;390;0.13;96.7;0.37;0.27
Nougat tendre;437;6.98;69.3;13.9;3.27
Bonbon dur et sucette, sans sucres;235;0.08;96;0.44;0
Préparation aux fruits divers (35% de fruits min, sucres et autre(s) ingrédient(s));204;0.81;47.4;0.75;2.8
Grains de blé soufflés au miel ou caramel, enrichis en vitamines et minéraux;390;7.31;82.8;2;5
Céréales pour petit déjeuner chocolatées, non fourrées, enrichies en vitamines et minéraux;393;8.19;74.7;5.1;7.1
Céréales pour petit déjeuner (aliment moyen);402;7.96;73.2;7.21;5.99
Muesli (aliment moyen);433;8.87;63.4;14.3;6.9
Pétales de maïs nature, enrichis en vitamines et minéraux;368;6.88;80;1;5.5
Riz soufflé nature, enrichi en vitamines et minéraux;388;6.66;86.3;1.2;2
Céréales pour petit déjeuner riches en fibres, au chocolat, enrichies en vitamines et minéraux;389;9.23;71.9;4.7;9.7
Riz soufflé chocolaté, non enrichi en vitamines et minéraux;387;5.96;83.3;2.3;3.9
Céréales pour petit déjeuner chocolatées, non fourrées, non enrichies en vitamines et minéraux;387;8.63;77.7;3.2;6.1
Pétales de maïs nature, non enrichis en vitamines et minéraux;372;6.88;82.4;0.7;4.6
Céréales pour petit déjeuner fourrées au chocolat ou chocolat-noisettes, enrichies en vitamines et minéraux;440;7.06;67;15;4.4
Céréales pour petit déjeuner fourrées au chocolat ou chocolat-noisettes, non enrichies en vitamines et minéraux;457;7;67.2;17.2;2.3
Céréales pour petit déjeuner fourrées au lait ou à la vanille, enrichies en vitamines et minéraux;429;10.4;63.9;13.4;4.9
Pétales de céréales au chocolat, avec ou sans fruits à coque, enrichis en vitamines et minéraux;399;8;74.5;6.3;6
Pétales de céréales aux fruits, enrichis en vitamines et minéraux;377;8.1;80.6;1.58;4.25
Pétales de céréales aux fruits à coque, enrichis en vitamines et minéraux;392;8.18;73.5;5.53;6.43
Pétales de céréales au chocolat, avec ou sans fruits à coque, non enrichis en vitamines et minéraux;413;7.63;73.6;8.4;4.9
Pétales de céréales aux fruits, non enrichis en vitamines et minéraux;378;8.36;79.7;1.62;5.44
Pétales de céréales, nature, sucrées, enrichies en vitamines et minéraux;372;8.5;77.7;1.5;6
Céréales pour petit déjeuner, enrichies en vitamines et minéraux (aliment moyen);408;7.71;72.8;8.2;5.75
Céréales pour petit déjeuner, non enrichies en vitamines et minéraux (aliment moyen);386;8.43;77.1;3.39;6.05
Céréales pour petit déjeuner riches en fibres, aux fruits ou fruits à coque, enrichies en vitamines et minéraux;395;8.63;64.5;9;9.5
Céréales pour petit déjeuner riches en fibres, aux fruits ou fruits à coque, non enrichies en vitamines et minéraux;374;8.53;71.1;3.93;9.9
Céréales pour petit déjeuner riches en fibres, nature, enrichies en vitamines et minéraux;361;11.9;67.7;2.13;11.6
Céréales pour petit déjeuner riches en fibres, nature, non enrichies en vitamines et minéraux;368;8.48;74.8;1.85;9.4
Céréales pour petit déjeuner au chocolat et caramel, extrudées, enrichies en vitamines et minéraux;410;8.06;74.7;7.2;6.4
Céréales pour petit déjeuner au chocolat et caramel, extrudées, non enrichies en vitamines et minéraux;394;9.13;76.2;4.43;6.6
Céréales pour petit déjeuner fourrées au lait ou à la vanille, non enrichies en vitamines et minéraux;440;7.94;67.5;14.5;3.4
Grains de blé soufflés au miel ou caramel, non enrichis en vitamines et minéraux;382;8.93;77.6;2.52;6.53
Mélange de flocons de céréales, nature, non enrichi en vitamines et minéraux;341;10.2;61.7;3.17;12.4
Pétales de céréales, nature, sucrées, non enrichies en vitamines et minéraux;377;8;80.1;1.5;5.7
Pétales de céréales, nature, sans sucres ajoutés, non enrichies en vitamines et minéraux;369;12.2;70.2;2.78;7.28
Pétales de maïs glacés au sucre, non enrichis en vitamines et minéraux;381;6.22;85.4;0.96;2.8
Muesli croustillant aux fruits, avec ou sans fruits à coque et/ou graines, non enrichi en vitamines et minéraux;442;8.69;62.7;15.7;7.1
Muesli croustillant au chocolat, non enrichi en vitamines et minéraux;446;9.25;64.7;15.1;6.8
Muesli floconneux aux fruits, fruits à coque et/ou graines, enrichi en vitamines et minéraux;378;9.5;68.9;5.3;7.4
Muesli croustillant aux fruits, avec ou sans fruits à coque et/ou graines, enrichi en vitamines et minéraux;464;8.38;60.4;19.4;6.7
Muesli croustillant au chocolat, enrichi en vitamines et minéraux;469;8;61.9;19.7;5.3
Muesli floconneux aux fruits, fruits à coque et/ou graines, sans sucres ajoutés, non enrichi;374;10.3;59.8;8.1;8.9
Céréales pour petit déjeuner très riches en fibres, nature, enrichies en vitamines et minéraux;327;13.4;43.3;3.8;33.1
Pétales de maïs glacés au sucre, enrichis en vitamines et minéraux;381;4.25;88.6;0.5;2.3
Boules de maïs soufflées au miel, non enrichies en vitamines et minéraux;389;5.84;87.3;1.41;2.01
Blé khorasan complet soufflé;378;6.68;80.5;1.96;4.4
Riz soufflé chocolaté, enrichi en vitamines et minéraux;382;6.75;81.8;2;4.5
Boules de maïs soufflées au miel, enrichies en vitamines et minéraux;384;5.63;86.6;0.9;3.2
Muesli floconneux aux fruits, fruits à coque et/ou graines, non enrichi en vitamines et minéraux;371;10.6;60.9;7;9.8
Muesli enrichi en vitamines et minéraux (aliment moyen);436;8.78;63.6;14.6;6.77
Flocons d'avoine;369;10.6;57.7;7.82;11.2
Muesli non enrichi en vitamines et minéraux (aliment moyen);409;9.63;61.8;11.6;8.36
Céréales pour petit déjeuner au miel ou caramel, soufflées ou extrudées, enrichies en vitamines et minéraux;388;7.44;75.4;4.6;6.3
Céréales pour petit déjeuner au miel ou caramel, soufflées ou extrudées, non enrichies en vitamines et minéraux;382;6.73;80.1;2.78;5.03
Muesli croustillant aux fruits à coque et/ou graines uniquement, enrichi en vitamines et minéraux;433;9.77;63.3;13.8;8.27
Muesli croustillant aux fruits à coque et/ou graines uniquement, non enrichi en vitamines et minéraux;450;10;61.2;16.5;6.7
Lapin, viande braisée;197;30.4;0;8.41;0
Lapin, viande crue;188;20.4;0.58;11.6;0
Lapin, viande cuite;167;20.5;0.5;9.2;0
Lapin de garenne, viande crue;108;21.8;0;2.32;0
Lapin de garenne, viande cuite;164;33;0;3.51;0
Grenouille, cuisse, crue;70;16.2;0.66;0.28;0
Grenouille, cuisse, grillée/poêlée;95.7;21.9;0.01;0.9;0
Poule, viande et peau crues;255;17.6;0.4;20.3;0
Poule, viande crue;142;21.3;0;6.32;0
Poulet, cuisse, viande et peau crue;192;17.3;0;13.5;0
Poulet, viande crue;109;20.9;0;2.89;0
Poulet, cuisse, viande et peau rôtie/cuite au four;205;25.9;0;11.3;0
Poulet, viande et peau rôties/cuites au four;204;28.9;0;9.88;0
Poulet, cuisse, viande rôtie/cuite au four;171;24.8;0;8.03;0
Poulet blanc, viande et peau crues;122;20.8;0;4.3;0
Poulet fermier, viande et peau crues;120;22;0;3.5;0
Poule, cuisse crue;131;19.6;0;5.92;0
Poulet, viande et peau crues;173;21.5;0.3;9.54;0
Poulet, filet sans peau cru;110;23.4;0;1.5;0
Poulet, filet sans peau grillé/poêlé;141;30.1;0;2;0
Poulet, haut de cuisse, viande crue;116;19.7;0;4.12;0
Poulet éviscéré sans abats, cru;210;18.6;0;15.1;0
Poulet, pilon cru;155;18.1;0;9.2;0
Poulet, aile, viande et peau crues;181;20.4;0;11;0
Poulet, cuisse, viande crue;114;19.3;0;4.05;0
Nuggets ou croquette panée de poulet, préemballé;250;15.6;19.4;11.6;2.4
Poulet, poitrine, viande et peau crues;167;20.9;0;9.25;0
Poulet, cuisse, viande bouillie/cuite à l'eau;188;24.8;0.7;9.52;0
Poulet, cuisse, viande et peau bouillie/cuite à l'eau;187;26.1;0;9.1;0
Poulet, poitrine, viande et peau rôties/cuites au four;189;29.8;0;7.78;0
Poulet, aile, viande et peau rôties/cuites au four;247;23.8;0;16.9;0
Poulet, manchons marinés, préemballés, rôtis/cuits au four;213;22.4;2.1;12.6;0.9
Escalope panée, viennoise ou milanaise, poulet, cuite;339;7.25;21.7;24;3.4
Poulet, cuisse, viande et peau crues bio;193;18.1;0;13.3;0
Poulet, cuisse, viande et peau crues label rouge;173;19.1;0;10.6;0
Poulet, filet sans peau cru, bio;118;24.6;0;1.8;0
Poulet, filet sans peau cru, label rouge;113;25.2;0;1;0
Poulet, filet sans peau grillé/poêlé, bio;144;31.1;0;1.8;0
Volaille, viande cuite (aliment moyen);152;27.8;0.03;4.36;0
Chapon, viande et peau crues;195;19.9;0;12.8;0
Chapon, viande et peau rôties/cuites au four;221;29;0;11.7;0
Caille, viande et peau crues;140;19.6;0;6.8;0
Caille, viande crue;128;21.8;0;4.53;0
Caille, viande et peau cuites;206;26.8;0;10.9;0
Canard, viande et peau rôties/cuites au four;331;19;0;28.4;0
Canard, viande crue;127;18.3;0;5.95;0
Canard, viande rôtie/cuite au four;194;23.3;0;11.2;0
Canard, cuisse avec peau, sans os, crue;104;18.7;0.3;3.1;0
Canard, viande et peau crues;273;17.4;0;22.6;0
Canard, magret grillé/poêlé;188;26.7;0;9.05;0
Canard, magret cru;337;17.9;0.1;29.4;0
Dinde, viande et peau crues;137;21.6;0;5.64;0
Dinde, viande crue;108;22.6;0;1.93;0
Dinde, viande rôtie/cuite au four;151;29.1;0;3.84;0
Dinde, escalope crue;108;23.7;0;1.48;0
Dinde, cuisse, viande et peau crues;149;19.7;0;7.85;0
Dinde, escalope grillée/poêlée;124;28.5;0;1.09;0
Dinde, cuisse, viande crue;108;21.3;0;2.5;0
Dinde, escalope rôtie/cuite au four;139;30.1;0;2.08;0
Dinde, aile crue;192;20.2;0;12.3;0
Dinde, haut de cuisse cru;33.21;0;0;3.69;0
Escalope panée, viennoise ou milanaise, dinde, cuite;211;14.1;13.5;10.9;1.3
Faisan, viande crue;126;23.2;0;3.73;0
Faisan, viande rôtie/cuite au four;239;32.4;0;12.1;0
Faisan, viande et peau crues;164;23.2;0;7.95;0
Oie, viande crue;155;22.8;0;7.13;0
Oie, viande et peau crues;366;15.9;0;33.6;0
Oie, viande rôtie/cuite au four;230;29;0;12.7;0
Oie, viande et peau rôties/cuites au four;298;25.2;0;21.9;0
Pigeon, viande crue;213;18;0;15.7;0
Pigeon, viande rôtie/cuite au four;213;23.9;0;13;0
Gibier à plumes, viande, cuit (aliment moyen);203;24.9;0;11.5;0
Pintade, viande crue;128;22;0;4.46;0
Pintade, poitrine crue;107;25.1;0;0.7;0
Pintade, cuisse crue;118;22.8;0.2;2.9;0
Autruche, viande crue;159;20.2;0;8.7;0
Autruche, viande cuite;168;26.2;0;7.07;0
Volaille, cuite (aliment moyen);167;27.3;0.03;6.37;0
Base de pizza (pâte et sauce à la crème), crue;261;7.7;51.1;2.6;1
Pâte à pizza, préemballée, crue;240;7.05;44.2;3.45;2.2
Base de pizza (pâte et sauce à la tomate), crue;232;6.9;44.6;2.7;1
Chips, beignet ou pétale à la crevette;508;3.1;63.7;26.6;1
Chips de maïs ou tortilla chips, aromatisé;499;6.53;59.1;25.4;4.16
Biscuit ou cracker apéritif, soufflé, goût pomme de terre;475;4.59;60.6;23;3.74
Biscuit ou cracker apéritif, mini bretzel ou sticks;376;11.2;73.7;3.13;4.32
Biscuit apéritif, mini-chou fourré, préemballé;651;9.75;28.2;54.7;1.44
Biscuit ou cracker apéritif (aliment moyen);480;10.2;61.2;20.9;3.34
Biscuit ou cracker apéritif, à base de blé, au fromage;519;14.8;47;29.4;3.86
Biscuit ou cracker apéritif, à base de blé, nature ou aromatisé;499;10.4;59.1;23.8;3.12
Biscuit ou cracker apéritif, à base de blé, nature, allégé en matière grasse;410;6.53;73.1;9.33;3.67
Biscuit ou cracker apéritif, soufflé, goût cacahuète;487;13.3;54.8;22.9;3.99
Biscuit ou cracker apéritif, tuile, à base de pomme de terre;521;4.63;59.1;28.8;3.31
Cacahuète enrobée d'un biscuit salé ou aromatisé, pour apéritif;518;15.8;45.4;29.7;3.18
Biscuit ou cracker apéritif, feuilleté (flûtes, torsades, palmiers…), sans fromage;476;10.9;59.7;20.7;3.68
Biscuit apéritif, crêpe dentelle fourrée, préemballée;555;9.3;48.8;35.6;1.25
Biscuit ou cracker apéritif, feuilleté (flûtes, torsades, palmiers…), au fromage;524;13.1;50.2;29.6;2.2
Biscuit ou cracker apéritif, à base de blé, assortiment;501;8.88;58.2;25.3;2.78
Biscuit ou cracker apéritif, gaufrette fourrée;585;10.4;39.6;42.4;2.19
Gressin, au sésame;443;12.8;59.3;15.7;4.64
Gressin, au sésame, allégé en matière grasse;427;14;56.8;13.9;6.77
Biscuit ou cracker apéritif, à base de riz et cacahuètes enrobées, mélange japonais;409;10.8;72;8.27;1.94
Chips de maïs ou tortilla chips, nature;488;6.1;62.6;22.5;4.33
Biscuit ou cracker apéritif, soufflé, goût bacon;513;6.5;62.2;25.9;2.45
Biscuit ou cracker apéritif, soufflé, nature;464;7.17;64;19.2;3.53
Biscuit ou cracker apéritif, soufflé, goût fromage;510;7.29;57.6;27.3;2.64
Biscuit ou cracker apéritif, soufflé, sans précision (aliment moyen);535;10.5;48.8;32.6;2.12
Croûton, à l'ail, aux fines herbes ou aux oignons, préemballé;484;8.87;59;22.9;3.37
Croûton, au fromage, préemballé;535;8.24;52.3;32;2.67
Milkshake, de restauration rapide;126;3.38;17.4;4.66;0.65
Crème dessert au chocolat, rayon frais;121;3.46;17.9;3.55;1.5
Mousse au chocolat (base laitière), rayon frais;155;5.06;20.3;5.45;1.82
Crème caramel, rayon frais;155;4.75;21;5.74;0.32
Mousse au chocolat traditionnelle, rayon frais;319;7.38;23.8;21.1;2.74
Crème aux oeufs (petit pot de crème chocolat, vanille, etc.), rayon frais;162;4.34;17.5;8.1;0.9
Riz au lait vanille, cannelle ou nature, rayon frais;121;3;18.9;3.4;1.2
Crème brûlée, rayon frais;269;4.44;17.5;20.1;0.32
Crème dessert à la vanille, appertisée;133;3.85;21.1;3.62;0.5
Ile flottante, rayon frais;131;4.7;21.4;3.05;0.07
Clafoutis aux fruits, rayon frais;198;5.21;29.4;6.39;1.54
Semoule au lait, rayon frais;132;3.41;18.9;4.73;0.33
Liégeois aux fruits, rayon frais;145;1.15;17.7;7.26;1.37
Crème dessert à la vanille, rayon frais;103;2.98;16.2;2.88;0.11
Crème dessert, rayon frais (aliment moyen);138;3.5;17.4;5.82;0.77
Fondant au chocolat noir et crème anglaise, rayon frais;211;4.5;19;13;0
Gâteau au chocolat, coeur fondant, rayon frais;373;6.56;41.2;19.5;3.07
Mousse liégeoise (chocolat, café, caramel ou vanille), rayon frais;177;3.75;19.2;9.35;0.57
Pain perdu;226;6;30.8;8.45;1.1
Crème dessert au café, rayon frais;118;2.86;17.3;4.09;0.07
Crème dessert au caramel, rayon frais;108;2.88;18.1;2.68;0.08
Mousse au chocolat végétale, rayon frais;262;6.69;24.3;14;5.1
Mousse aux fruits, au fromage frais, 0% MG, sucrée, avec édulcorants, enrichie en calcium, rayon frais;51.7;6.25;5.51;0;1.2
Mousse aux fruits, au fromage frais, sucrée, rayon frais;144;5.03;14.4;7.39;0.03
Riz au lait, au caramel, rayon frais;146;2.95;24.5;4;0.1
Riz au lait, rhum raisins, rayon frais;133;3.03;22.3;3.44;0.28
Mousse au chocolat ou café, sur ganache, rayon frais;360;4.58;17.5;29.7;2.67
Crème dessert au chocolat et billes de céréales chocolatées, rayon frais;140;3.85;22.5;3.78;0.38
Lait de poule, sans alcool;87.8;4.55;8.05;4.19;0
Pêche melba;119;2.06;18.8;3.62;1.54
Glace à l'eau ou sorbet ou crème glacée, tout parfum (aliment moyen);249;2.73;32;11.9;1.06
Dessert glacé type mystère ou vacherin;226;2.86;32.9;9;1.15
Glace ou crème glacée, bâtonnet enrobage chocolat;329;3.3;33.3;20;1.21
Crème dessert, appertisée (aliment moyen);136;3.53;21.5;3.51;2.12
Crème dessert au chocolat, appertisée;138;3.25;21.8;3.42;3.6
Glace ou crème glacée, cône (taille standard);290;3.51;36.8;13.5;0
Crème dessert, rayon frais ou appertisée (aliment moyen);138;3.5;17.6;5.75;0.81
Dessert glacé type sundae;211;2.42;30.8;8.7;0.33
Glace ou crème glacée, en bac;191;2.55;26.1;8.4;0
Dessert glacé feuilleté, à partager;242;2.36;27.3;13.6;0.84
Glace au yaourt;126;3.45;22.7;2.2;0
Omelette norvégienne;212;3.6;34.8;6.5;0
Poire belle Hélène;196;2.74;23.5;9.57;2.76
Glace ou crème glacée, gourmande, en bac;231;3.32;29.4;11;0.91
Glace ou crème glacée, gourmande, en pot;256;3.94;29.2;13.6;1
Glace ou crème glacée, mini cône;351;3.89;40.2;19;1.96
Glace ou crème glacée, pot individuel;233;3.64;23.3;13.8;0.74
Sorbet, en bac;122;0.41;28.7;0.56;0.99
Sorbet, pot individuel;126;0.5;28.4;1.03;0.96
Glace à l'eau;83.8;0.18;20.5;0.17;0.26
Glace ou crème glacée, bac ou pot (aliment moyen);171;2.83;25;6.45;1.5
Sorbet, cône;216;1.82;38.2;5.78;1.85
Nougat glacé;249;4.47;26.4;13.4;2.41
Citron givré ou orange givrée (sorbet);133;0.14;29.1;1.77;0
Glace ou crème glacée, petit pot enfant;170;2.32;24.9;6.64;0.67
Coupe glacée type café ou chocolat liégeois;210;2.71;28.7;9.24;0.9
Bûche glacée;219;2.8;29.8;9.61;1.04
Coupe glacée parfum pêche Melba ou poire Belle-Hélène;160;1.46;28.9;4.07;0.89
Glace ou crème glacée, bâtonnet enrobage fruits;160;1.52;26.8;5.14;0.4
Crème anglaise, préemballée;97.3;3.44;14.8;2.5;1
Crème pâtissière instantanée, reconstituée;120;3.79;18;3.6;0
Cervelle, agneau, crue;121;10.4;0.49;8.58;0
Cervelle, agneau, cuite;142;12.6;0.19;10.2;0
Cervelle, porc, braisée;174;12.4;0;13.8;0
Cervelle, porc, crue;128;10.3;1.02;9.21;0
Cervelle, veau, crue;116;10.3;0.33;8.21;0
Cervelle, veau, cuite;135;11.5;0.6;9.63;0
Coeur, boeuf, cru;103;18.5;0.6;2.95;0
Coeur, boeuf, cuit;133;23;0;4.5;0
Coeur, poulet, cru;149;15.6;0.71;9.33;0
Coeur, dinde, cru;135;16.7;0.4;7.44;0
Coeur, poulet, cuit;177;26.4;0.1;7.92;0
Coeur, dinde, cuit;167;24.9;0;7.52;0
Coeur, agneau, cru;118;16.5;0.21;5.68;0
Coeur, agneau, cuit;179;25;1.93;7.91;0
Coeur, porc, cru;114;17.3;1.32;4.36;0
Coeur, veau, cru;105;17.2;0.08;3.98;0
Foie, agneau, cru;137;21.8;0.16;5.45;0
Foie, agneau, cuit;162;23;4.37;5.8;0
Foie, génisse, cru;136;21;3.33;4.3;0
Foie, génisse, cuit;165;26.3;2.2;5.71;0
Foie, veau, cru;120;15.5;5.64;3.4;0
Foie, veau, cuit;140;19;9.23;3.02;0
Foie, volaille, cru;134;21.5;1.25;4.75;0
Foie, volaille, cuit;164;25.8;0;6.4;0
Foie, lapin, cru;134;19;5.39;4;0
Foie, poulet, cru;114;16.9;0.73;4.83;0
Foie, porc, cuit;159;26;3.76;4.4;0
Foie, dinde, cru;123;18.3;0;5.5;0
Foie, poulet, cuit;160;24.5;0.86;6.51;0
Foie, dinde, cuit;182;27;0;8.18;0
Foie, porc, cru;124;20.6;1.06;4.2;0
Foie, oie, cru;129;16.4;6.32;4.28;0
Foie, canard, cru;131;18.7;3.52;4.64;0
Langue, veau, cuite;237;21;0;17;0
Langue, boeuf, crue;195;16.8;0.82;13.8;0
Langue, boeuf, cuite;236;23.7;0.22;15.6;0
Langue, veau, crue;181;16.9;0.83;12.2;0
Langue, porc, crue;222;16.3;0.5;17.2;0
Langue, agneau, crue;167;15.4;1.75;10.9;0
Ris, agneau, cru;148;14.8;0.17;9.82;0
Ris, agneau, cuit;228;22.8;0.25;15.1;0
Ris, veau, cru;96.5;17.2;0;3.07;0
Ris, veau, braisé ou grillé/poêlé;174;21;9.52;5.8;0
Rognon, cuit (aliment moyen);165;26.3;0.02;6.68;0
Rognon, boeuf, cru;95.7;17.1;0.85;2.65;0
Rognon, boeuf, cuit;171;27;0;7;0
Rognon, porc, cru;99.5;16.5;1.1;3.25;0
Rognon, porc, cuit;144;25.4;0;4.7;0
Rognon, agneau, braisé;131;23.7;0.99;3.62;0
Rognon, agneau, cru;93.9;14.7;1.08;3.43;0
Rognon, veau, braisé ou grillé/poêlé;167;26;0;7;0
Rognon, veau, cru;94.5;15.8;0.85;3.12;0
Tripes, boeuf, crues;81.5;12.1;0;3.69;0
Sang, boeuf, cru;82.1;19.5;0.8;0.12;0
Abat, cuit (aliment moyen);159;27.4;2.18;4.58;0
Gésier, poulet, cru;99.1;16.8;0;3.53;0
Gésier, canard, confit, appertisé;148;32.4;0;2.1;0
Substitut de repas hypocalorique, crème dessert;89.4;6.43;9.29;2.75;1.18
Substitut de repas hypocalorique, prêt à boire;87.9;6.79;9.8;2.45;0
Substitut de repas hypocalorique, poudre reconstituée avec lait écrémé;79.1;6.09;9.34;1.73;1.18
Substitut de repas hypocalorique, poudre reconstituée avec lait écrémé, type milkshake;86.6;6.19;10.1;2.28;0.63
Lécithine de soja;779;0;8;83;0
Poudre cacaotée pour bébé;396;8.5;85;1.9;2.2
Plat légumes, avec féculent et viande/poisson, dès 6/8 mois;59;3.6;5.9;1.6;3.3
Plat légumes, avec féculent et viande/poisson, dès 8/12 mois;54.6;2.8;6.77;1.31;2.45
Plat légumes, avec féculent et viande/poisson, dès 12 mois;75.7;2.5;8.95;2.9;1.9
Plat légumes, avec féculent et viande/poisson, dès 18 mois;66.7;2.76;9.02;1.82;1.6
Meloukhia, feuilles de corète séchées, en poudre;239;23;12.7;1.8;40
Meloukhia, sauce, artisanale;215;1.13;1.45;21;8.4
Frik (blé dur immature concassé), cru;323;9.62;55.8;2.25;19.3
Frik (blé dur immature concassé), cuit, sans sel ajouté;76;2.04;14;0.48;3.5
Feuille de brick ou khatfa, préemballée;283;7;59;1.5;2.5
Banane plantain, crue;132;1.3;29.6;0.37;2.3
Banane plantain, cuite;125;0.79;28.9;0.18;2.3
Taro, tubercule, cru;105;1.5;22.4;0.2;4.1
Taro, tubercule, cuit;131;0.52;29.5;0.11;5.1
Igname, pelée, crue;111;1.53;23.7;0.17;4.1
Igname, épluchée, bouillie/cuite à l'eau;109;1.49;23.6;0.14;3.9
Igname, crue;111;1.25;23.9;0.2;4.1
Manioc, racine crue;157;1.36;36.3;0.28;1.8
Manioc, racine cuite;135;0.69;32.8;0.04;0.4
Gari, semoule de manioc fermentée et séchée;340;1.12;81.6;0.73;1.4
Fruit à pain, cru;104.95;1.07;22.2;0.23;4.9
Gombo, fruit, cru;31;1.93;3.8;0.19;3.2
Gombo, fruit, cuit;22.4;1.87;2.01;0.21;2.5
Eau minérale Celtic, embouteillée, gazeuse ou plate, très faiblement minéralisée (Niederbronn, 67);0;0;0;0;0
Eau minérale Chambon, embouteillée, plate, faiblement minéralisée (Chambon, 45);0.01;0;0;0;0
Eau minérale Clos de l'Abbaye, embouteillée, plate, moyennement minéralisée (St-Amand, 59);0.06;0;0.02;0;0
Eau minérale Contrex, embouteillée, plate, riche en sels minéraux (Contrexéville, 88);0.03;0;0.01;0;0
Eau minérale Dax, embouteillée, plate, moyennement minéralisée (Dax, 40);0.28;0;0.07;0;0
Eau minérale Hydroxydase, embouteillée, gazeuse, riche en sels minéraux (Le Breuil sur Couze, 63);1.04;0;0;0;0
Eau minérale Propiac, embouteillée, plate, riche en sels minéraux (Propiac, 26);0.92;0;0;0;0
Eau minérale Salvetat, embouteillée, gazeuse, moyennement minéralisée (La Salvetat, 34);0.12;0;0.03;0;0
Eau minérale St-Antonin, embouteillée, plate, riche en sels minéraux (St-Antonin-Noble-Val, 82);0.09;0;0.02;0;0
Eau minérale St-Diéry, embouteillée, gazeuse, riche en sels minéraux (St-Diéry, 63);0.02;0;0.01;0;0
Eau minérale St-Yorre, embouteillée, gazeuse, riche en sels minéraux (Saint-Yorre, 03);0.04;0;0.01;0;0
Eau minérale Thonon, embouteillée, plate, faiblement minéralisée (Thonon, 74);0.03;0;0.01;0;0
Eau minérale Ventadour, embouteillée, gazeuse, faiblement minéralisée (Le Pestrin, 07);0.12;0;0.03;0;0
Eau minérale Vichy Célestins, embouteillée, gazeuse, riche en sels minéraux (Saint-Yorre, 03);0.05;0;0.01;0;0
Eau minérale Vittel, embouteillée, plate, moyennement minéralisée (Vittel, 88);0.08;0;0.02;0;0
Eau minérale Volvic, embouteillée, plate, faiblement minéralisée (Volvic, 63);0.01;0;0;0;0
Eau minérale Biovive, embouteillée, plate, faiblement minéralisée (Dax, 40);0.04;0;0.01;0;0
Eau minérale La Cairolle, embouteillée, plate, riche en sels minéraux (Les Aires, 34);0.43;0;0.11;0;0
Eau minérale La Française, embouteillée, plate, riche en sels minéraux (Propiac, 26);0.49;0;0;0;0
Eau minérale Montcalm, embouteillée, plate, très faiblement minéralisée (Auzat, 09);0.01;0;0;0;0
Eau minérale Montclar, embouteillée, plate, faiblement minéralisée (Montclar, 04);0.04;0;0.01;0;0
Eau minérale Nessel, embouteillée, gazeuse, moyennement minéralisée (Soultzmatt, 68);0.33;0;0.08;0;0
Eau minérale Ogeu, embouteillée, gazeuse, faiblement minéralisée (Ogeu-les-Bains, 64);0.05;0;0.01;0;0
Eau minérale Ogeu, embouteillée, plate, faiblement minéralisée (Ogeu-les-Bains, 64);0.07;0;0.02;0;0
Eau minérale St-Géron, embouteillée, gazeuse, moyennement minéralisée (St-Géron, 43);0.28;0;0.07;0;0
Eau minérale St-Michel-de-Mourcairol, embouteillée, gazeuse, moyennement minéralisée (Les Aires, 34);0.33;0;0.08;0;0
Eau minérale Treignac, embouteillée, plate, très faiblement minéralisée (Treignac, 19);0.01;0;0;0;0
Eau minérale Vals, embouteillée, gazeuse, moyennement minéralisée (Vals-les-Bains, 07);0.08;0;0.02;0;0
Eau minérale Vauban, embouteillée, plate, moyennement minéralisée (St-Amand-les-Eaux, 59);0.35;0;0.09;0;0
Pâte à pizza, préemballée, cuite;321;7.75;54.6;7.1;2.5
Amidon de riz;343;0.6;85;0;0
